OTU_ID,taxonomy,Taxon,Taxon Level,Trophic Mode,Guild,Confidence Ranking,Growth Morphology,Trait,Notes,Citation/Source
otu5,Ascomycota;Dothideomycetes;Mytilinidales;Gloniaceae;Cenococcum,Cenococcum,13,Symbiotroph,Ectomycorrhizal,Highly Probable,NULL,NULL,NULL,"Tedersoo L, et al. 2014. Science 346:1256688"
otu15,Basidiomycota;Agaricomycetes;Russulales;Russulaceae;Russula,Russula,13,Symbiotroph,Ectomycorrhizal,Highly Probable,Agaricoid,NULL,NULL,"Rinaldi AC, et al. 2008. Fungal Diversity 33:1-45; Tedersoo L, et al. 2010. Mycorrhiza 20:217-263; http://mycorrhizas.info/ecmf.html"
otu6,Basidiomycota;Agaricomycetes;NA;NA;NA,-,-,-,-,-,-,-,Unassigned,-
otu8,Ascomycota;Leotiomycetes;Helotiales;Vibrisseaceae;Phialocephala,Phialocephala,13,Symbiotroph,Endophyte,Highly Probable,NULL,NULL,"Dark Septate Endophyte, known from plant roots.",Newsham 2011. New Phytologist 190:783-793 (as DSE)
otu26,Ascomycota;Pezizomycetes;Pezizales;Tuberaceae;Tuber,Tuber,13,Symbiotroph,Ectomycorrhizal,Highly Probable,Gasteroid,Hypogeous,Common name - true truffle,"Rinaldi AC, et al. 2008. Fungal Diversity 33:1-45; Tedersoo L, et al. 2010. Mycorrhiza 20:217-263; http://mycorrhizas.info/ecmf.html"
otu28,Ascomycota;Pezizomycetes;Pezizales;Helvellaceae;Helvella,Helvella,13,Symbiotroph,Ectomycorrhizal,Highly Probable,NULL,NULL,NULL,"Rinaldi AC, et al. 2008. Fungal Diversity 33:1-45; Tedersoo L, et al. 2010. Mycorrhiza 20:217-263; http://mycorrhizas.info/ecmf.html"
otu43,Basidiomycota;Agaricomycetes;Russulales;Russulaceae;Lactarius,Lactarius,13,Symbiotroph,Ectomycorrhizal,Highly Probable,Agaricoid,NULL,Common name - milk-cap,"Rinaldi AC, et al. 2008. Fungal Diversity 33:1-45; Tedersoo L, et al. 2010. Mycorrhiza 20:217-263; http://mycorrhizas.info/ecmf.html"
otu31,Basidiomycota;Agaricomycetes;Russulales;Russulaceae;Russula,Russula,13,Symbiotroph,Ectomycorrhizal,Highly Probable,Agaricoid,NULL,NULL,"Rinaldi AC, et al. 2008. Fungal Diversity 33:1-45; Tedersoo L, et al. 2010. Mycorrhiza 20:217-263; http://mycorrhizas.info/ecmf.html"
otu33,Basidiomycota;Agaricomycetes;Russulales;Russulaceae;NA,Russulaceae,9,Symbiotroph,Ectomycorrhizal,Probable,Agaricoid-Corticioid-Gasteroid-Secotioid,NULL,"The genera Lactarius, Lactifluus, Multifurca and Russula form a mutualistic ectomycorrhizal root symbiosis with trees and shrubs, while the corticioid species in Boidinia, Gloeopeniophorella, and Pseudoxenasma are saprotrophic, wood-degrading fungi.","Larsson E, K-H Larsson. 2003. Mycologia 95:1037-1065"
otu37,Ascomycota;Pezizomycetes;Pezizales;Pezizaceae;Hydnobolites,Hydnobolites,13,Symbiotroph,Ectomycorrhizal,Highly Probable,NULL,NULL,NULL,"Rinaldi AC, et al. 2008. Fungal Diversity 33:1-45; Tedersoo L, et al. 2010. Mycorrhiza 20:217-263"
otu38,Basidiomycota;Agaricomycetes;Russulales;Russulaceae;Russula,Russula,13,Symbiotroph,Ectomycorrhizal,Highly Probable,Agaricoid,NULL,NULL,"Rinaldi AC, et al. 2008. Fungal Diversity 33:1-45; Tedersoo L, et al. 2010. Mycorrhiza 20:217-263; http://mycorrhizas.info/ecmf.html"
otu39,Basidiomycota;Agaricomycetes;Boletales;Suillaceae;Suillus,Suillus,13,Symbiotroph,Ectomycorrhizal,Highly Probable,Boletoid,NULL,NULL,"Rinaldi AC, et al. 2008. Fungal Diversity 33:1-45; Tedersoo L, et al. 2010. Mycorrhiza 20:217-263; http://mycorrhizas.info/ecmf.html"
otu56,Ascomycota;Pezizomycetes;Pezizales;Tuberaceae;Tuber,Tuber,13,Symbiotroph,Ectomycorrhizal,Highly Probable,Gasteroid,Hypogeous,Common name - true truffle,"Rinaldi AC, et al. 2008. Fungal Diversity 33:1-45; Tedersoo L, et al. 2010. Mycorrhiza 20:217-263; http://mycorrhizas.info/ecmf.html"
otu19,Basidiomycota;Agaricomycetes;Boletales;NA;NA,-,-,-,-,-,-,-,Unassigned,-
otu27,NA;NA;NA;NA;NA,-,-,-,-,-,-,-,Unassigned,-
otu1,Basidiomycota;Agaricomycetes;Russulales;Russulaceae;Lactarius,Lactarius,13,Symbiotroph,Ectomycorrhizal,Highly Probable,Agaricoid,NULL,Common name - milk-cap,"Rinaldi AC, et al. 2008. Fungal Diversity 33:1-45; Tedersoo L, et al. 2010. Mycorrhiza 20:217-263; http://mycorrhizas.info/ecmf.html"
otu82,Ascomycota;Pezizomycetes;Pezizales;Pyronemataceae;Wilcoxina,Wilcoxina,13,Symbiotroph,Ectomycorrhizal,Highly Probable,Pezizoid,NULL,NULL,"Rinaldi AC, et al. 2008. Fungal Diversity 33:1-45; Tedersoo L, et al. 2010. Mycorrhiza 20:217-263; http://mycorrhizas.info/ecmf.html"
otu9,Basidiomycota;Agaricomycetes;Russulales;Russulaceae;Russula,Russula,13,Symbiotroph,Ectomycorrhizal,Highly Probable,Agaricoid,NULL,NULL,"Rinaldi AC, et al. 2008. Fungal Diversity 33:1-45; Tedersoo L, et al. 2010. Mycorrhiza 20:217-263; http://mycorrhizas.info/ecmf.html"
otu97,Basidiomycota;Agaricomycetes;Thelephorales;Thelephoraceae;NA,Thelephoraceae,9,Saprotroph-Symbiotroph,Ectomycorrhizal-Undefined Saprotroph,Probable,Clavarioid,NULL,"On the ground, on soil, a few on wood. At least some speices ectomycorrhizal (Cannon & Kirk 2007)","Cannon PF, Kirk PM. 2007. Fungal Families of the World. CAB International, Cambridge"
otu110,Basidiomycota;Agaricomycetes;Agaricales;NA;NA,-,-,-,-,-,-,-,Unassigned,-
otu24,Basidiomycota;Agaricomycetes;Agaricales;Amanitaceae;Amanita,Amanita,13,Symbiotroph,Ectomycorrhizal,Highly Probable,Agaricoid,NULL,NULL,"Rinaldi AC, et al. 2008. Fungal Diversity 33:1-45; Tedersoo L, et al. 2010. Mycorrhiza 20:217-263; http://mycorrhizas.info/ecmf.html"
otu30,Basidiomycota;Agaricomycetes;Thelephorales;Thelephoraceae;Tomentella,Tomentella,13,Symbiotroph,Ectomycorrhizal,Highly Probable,Corticioid,NULL,NULL,"Rinaldi AC, et al. 2008. Fungal Diversity 33:1-45; Tedersoo L, et al. 2010. Mycorrhiza 20:217-263; http://mycorrhizas.info/ecmf.html"
otu34,Basidiomycota;Agaricomycetes;Russulales;Russulaceae;Russula,Russula,13,Symbiotroph,Ectomycorrhizal,Highly Probable,Agaricoid,NULL,NULL,"Rinaldi AC, et al. 2008. Fungal Diversity 33:1-45; Tedersoo L, et al. 2010. Mycorrhiza 20:217-263; http://mycorrhizas.info/ecmf.html"
otu41,Basidiomycota;Agaricomycetes;Thelephorales;Thelephoraceae;NA,Thelephoraceae,9,Saprotroph-Symbiotroph,Ectomycorrhizal-Undefined Saprotroph,Probable,Clavarioid,NULL,"On the ground, on soil, a few on wood. At least some speices ectomycorrhizal (Cannon & Kirk 2007)","Cannon PF, Kirk PM. 2007. Fungal Families of the World. CAB International, Cambridge"
otu61,Basidiomycota;Agaricomycetes;Russulales;Russulaceae;Russula,Russula,13,Symbiotroph,Ectomycorrhizal,Highly Probable,Agaricoid,NULL,NULL,"Rinaldi AC, et al. 2008. Fungal Diversity 33:1-45; Tedersoo L, et al. 2010. Mycorrhiza 20:217-263; http://mycorrhizas.info/ecmf.html"
otu62,Basidiomycota;Agaricomycetes;Russulales;Russulaceae;Russula,Russula,13,Symbiotroph,Ectomycorrhizal,Highly Probable,Agaricoid,NULL,NULL,"Rinaldi AC, et al. 2008. Fungal Diversity 33:1-45; Tedersoo L, et al. 2010. Mycorrhiza 20:217-263; http://mycorrhizas.info/ecmf.html"
otu80,Ascomycota;Pezizomycetes;Pezizales;Pyronemataceae;Tarzetta,Tarzetta,13,Symbiotroph,Ectomycorrhizal,Highly Probable,Pezizoid,NULL,NULL,"Rinaldi AC, et al. 2008. Fungal Diversity 33:1-45; Tedersoo L, et al. 2010. Mycorrhiza 20:217-263"
otu65,Basidiomycota;Agaricomycetes;Agaricales;NA;NA,-,-,-,-,-,-,-,Unassigned,-
otu10,Basidiomycota;Agaricomycetes;Sebacinales;Serendipitaceae;Serendipita,Serendipita,13,Symbiotroph,Orchid Mycorrhizal,Highly Probable,NULL,NULL,NULL,"Tedersoo L, et al. 2010. Mycorrhiza 20:217-263 (pro parte); Weiss et al. DOI: 10.1111/nph.13977"
otu108,Ascomycota;Pezizomycetes;Pezizales;Pezizaceae;NA,Pezizaceae,9,Saprotroph-Symbiotroph,Dung Saprotroph-Ectomycorrhizal-Litter Saprotroph-Undefined Saprotroph,Possible,Pezizoid,NULL,"Saprobic or ectomycorrhizal, on or in soil, leafmould etc., some species associated with dung or fire sites (Cannon & Kirk 2007)","Cannon PF, Kirk PM. 2007. Fungal Families of the World. CAB International, Cambridge"
otu120,Basidiomycota;Agaricomycetes;Atheliales;Atheliaceae;Amphinema,Amphinema,13,Symbiotroph,Ectomycorrhizal,Highly Probable,Corticioid,NULL,NULL,"Rinaldi AC, et al. 2008. Fungal Diversity 33:1-45; Tedersoo L, et al. 2010. Mycorrhiza 20:217-263; http://mycorrhizas.info/ecmf.html"
otu2,Basidiomycota;Agaricomycetes;Agaricales;Amanitaceae;Amanita,Amanita,13,Symbiotroph,Ectomycorrhizal,Highly Probable,Agaricoid,NULL,NULL,"Rinaldi AC, et al. 2008. Fungal Diversity 33:1-45; Tedersoo L, et al. 2010. Mycorrhiza 20:217-263; http://mycorrhizas.info/ecmf.html"
otu20,Basidiomycota;Agaricomycetes;Atheliales;Atheliaceae;NA,Atheliaceae,9,Pathotroph-Saprotroph-Symbiotroph,Ectomycorrhizal-Lichen Parasite-Lichenized-Plant Pathogen,Possible,Corticioid,NULL,"Many species form ectomycorrhizal associations, often occupying a dominant position in mycorrhizal communities. Other species are pathogens of many different plants and even lichens, and one species has even been suggested to form a lichen association with cyanobacteria. Yet more species are sparse and active decomposers, and a few are aquatic (Cannon & Kirk 2007)","Cannon PF, Kirk PM. 2007. Fungal Families of the World. CAB International, Cambridge"
otu22,Basidiomycota;Agaricomycetes;Thelephorales;Thelephoraceae;Tomentella,Tomentella,13,Symbiotroph,Ectomycorrhizal,Highly Probable,Corticioid,NULL,NULL,"Rinaldi AC, et al. 2008. Fungal Diversity 33:1-45; Tedersoo L, et al. 2010. Mycorrhiza 20:217-263; http://mycorrhizas.info/ecmf.html"
otu49,Basidiomycota;Agaricomycetes;Russulales;Russulaceae;Russula,Russula,13,Symbiotroph,Ectomycorrhizal,Highly Probable,Agaricoid,NULL,NULL,"Rinaldi AC, et al. 2008. Fungal Diversity 33:1-45; Tedersoo L, et al. 2010. Mycorrhiza 20:217-263; http://mycorrhizas.info/ecmf.html"
otu64,Basidiomycota;Agaricomycetes;Agaricales;Inocybaceae;Inocybe,Inocybaceae,9,Symbiotroph,Ectomycorrhizal,Probable,Agaricoid,NULL,"Sensu stricto with the exclusion of Crepidotaceae, Tubariaceae, and Chromocyphellaceae; Pharmacology: muscarine, psilocybin, aeruginascen, unclarified alkaloids, or none",Matheny PB. 2009. McIlvainea 18:11-21
otu75,Basidiomycota;Agaricomycetes;Thelephorales;Thelephoraceae;NA,Thelephoraceae,9,Saprotroph-Symbiotroph,Ectomycorrhizal-Undefined Saprotroph,Probable,Clavarioid,NULL,"On the ground, on soil, a few on wood. At least some speices ectomycorrhizal (Cannon & Kirk 2007)","Cannon PF, Kirk PM. 2007. Fungal Families of the World. CAB International, Cambridge"
otu77,Basidiomycota;Agaricomycetes;Agaricales;Hygrophoraceae;Hygrophorus,Hygrophorus,13,Symbiotroph,Ectomycorrhizal,Highly Probable,Agaricoid,NULL,NULL,"Rinaldi AC, et al. 2008. Fungal Diversity 33:1-45; Tedersoo L, et al. 2010. Mycorrhiza 20:217-263; http://mycorrhizas.info/ecmf.html"
otu81,Basidiomycota;Agaricomycetes;Agaricales;Inocybaceae;Inocybe,Inocybaceae,9,Symbiotroph,Ectomycorrhizal,Probable,Agaricoid,NULL,"Sensu stricto with the exclusion of Crepidotaceae, Tubariaceae, and Chromocyphellaceae; Pharmacology: muscarine, psilocybin, aeruginascen, unclarified alkaloids, or none",Matheny PB. 2009. McIlvainea 18:11-21
otu95,Ascomycota;Pezizomycetes;Pezizales;Pezizaceae;Pachyphlodes,Pezizaceae,9,Saprotroph-Symbiotroph,Dung Saprotroph-Ectomycorrhizal-Litter Saprotroph-Undefined Saprotroph,Possible,Pezizoid,NULL,"Saprobic or ectomycorrhizal, on or in soil, leafmould etc., some species associated with dung or fire sites (Cannon & Kirk 2007)","Cannon PF, Kirk PM. 2007. Fungal Families of the World. CAB International, Cambridge"
otu59,Basidiomycota;Agaricomycetes;Boletales;NA;NA,-,-,-,-,-,-,-,Unassigned,-
otu66,Basidiomycota;Agaricomycetes;Hysterangiales;NA;NA,-,-,-,-,-,-,-,Unassigned,-
otu100,Basidiomycota;Agaricomycetes;Thelephorales;Thelephoraceae;NA,Thelephoraceae,9,Saprotroph-Symbiotroph,Ectomycorrhizal-Undefined Saprotroph,Probable,Clavarioid,NULL,"On the ground, on soil, a few on wood. At least some speices ectomycorrhizal (Cannon & Kirk 2007)","Cannon PF, Kirk PM. 2007. Fungal Families of the World. CAB International, Cambridge"
otu105,Basidiomycota;Agaricomycetes;Sebacinales;Sebacinaceae;Sebacina,Sebacina,13,Symbiotroph,Ectomycorrhizal-Orchid Mycorrhizal-Root Associated Biotroph,Possible,NULL,NULL,NULL,"Rinaldi AC, et al. 2008. Fungal Diversity 33:1-45; Tedersoo L, et al. 2010. Mycorrhiza 20:217-263 (pro parte); http://mycorrhizas.info/ecmf.html; Weiss et al. doi: 10.1111/nph.13977 (many guilds)"
otu16,Basidiomycota;Agaricomycetes;Thelephorales;Thelephoraceae;Tomentella,Tomentella,13,Symbiotroph,Ectomycorrhizal,Highly Probable,Corticioid,NULL,NULL,"Rinaldi AC, et al. 2008. Fungal Diversity 33:1-45; Tedersoo L, et al. 2010. Mycorrhiza 20:217-263; http://mycorrhizas.info/ecmf.html"
otu17,Ascomycota;Pezizomycetes;Pezizales;Pezizaceae;Peziza,Peziza,13,Saprotroph-Symbiotroph,Dung Saprotroph-Ectomycorrhizal-Litter Saprotroph-Undefined Saprotroph,Possible,Pezizoid,NULL,"Saprobic or ectomycorrhizal, on or in soil, leafmould etc., some species associated with dung or fire sites (Cannon & Kirk 2007)","Cannon PF, Kirk PM. 2007. Fungal Families of the World. CAB International, Cambridge; Rinaldi AC, et al. 2008. Fungal Diversity 33:1-45; Tedersoo L, et al. 2010. Mycorrhiza 20:217-263 (pro parte)"
otu18,Basidiomycota;Agaricomycetes;Sebacinales;Sebacinaceae;Sebacina,Sebacina,13,Symbiotroph,Ectomycorrhizal-Orchid Mycorrhizal-Root Associated Biotroph,Possible,NULL,NULL,NULL,"Rinaldi AC, et al. 2008. Fungal Diversity 33:1-45; Tedersoo L, et al. 2010. Mycorrhiza 20:217-263 (pro parte); http://mycorrhizas.info/ecmf.html; Weiss et al. doi: 10.1111/nph.13977 (many guilds)"
otu23,Basidiomycota;Agaricomycetes;Thelephorales;Thelephoraceae;NA,Thelephoraceae,9,Saprotroph-Symbiotroph,Ectomycorrhizal-Undefined Saprotroph,Probable,Clavarioid,NULL,"On the ground, on soil, a few on wood. At least some speices ectomycorrhizal (Cannon & Kirk 2007)","Cannon PF, Kirk PM. 2007. Fungal Families of the World. CAB International, Cambridge"
otu25,Basidiomycota;Agaricomycetes;Sebacinales;Sebacinaceae;Sebacina,Sebacina,13,Symbiotroph,Ectomycorrhizal-Orchid Mycorrhizal-Root Associated Biotroph,Possible,NULL,NULL,NULL,"Rinaldi AC, et al. 2008. Fungal Diversity 33:1-45; Tedersoo L, et al. 2010. Mycorrhiza 20:217-263 (pro parte); http://mycorrhizas.info/ecmf.html; Weiss et al. doi: 10.1111/nph.13977 (many guilds)"
otu35,Basidiomycota;Agaricomycetes;Boletales;Suillaceae;Suillus,Suillus,13,Symbiotroph,Ectomycorrhizal,Highly Probable,Boletoid,NULL,NULL,"Rinaldi AC, et al. 2008. Fungal Diversity 33:1-45; Tedersoo L, et al. 2010. Mycorrhiza 20:217-263; http://mycorrhizas.info/ecmf.html"
otu47,Basidiomycota;Agaricomycetes;Thelephorales;Thelephoraceae;NA,Thelephoraceae,9,Saprotroph-Symbiotroph,Ectomycorrhizal-Undefined Saprotroph,Probable,Clavarioid,NULL,"On the ground, on soil, a few on wood. At least some speices ectomycorrhizal (Cannon & Kirk 2007)","Cannon PF, Kirk PM. 2007. Fungal Families of the World. CAB International, Cambridge"
otu52,Basidiomycota;Agaricomycetes;Gomphales;Gomphaceae;Ramaria,Ramaria,13,Symbiotroph,Ectomycorrhizal,Possible,Clavarioid,NULL,NULL,"Rinaldi AC, et al. 2008. Fungal Diversity 33:1-45 (ECM/(not ECM);Tedersoo L, et al. 2010. Mycorrhiza 20:217-263 (pro parte); http://mycorrhizas.info/ecmf.html (ECM)"
otu53,Basidiomycota;Agaricomycetes;Boletales;Boletaceae;NA,Boletaceae,9,Pathotroph-Saprotroph-Symbiotroph,Ectomycorrhizal-Fungal Parasite-Plant Saprotroph-Wood Saprotroph,Probable,Boletoid,NULL,"Most species form ectomycorrhizal associations with gymnosperm or angiosperm trees. Some are saprobes on decaying wood and leaf litter, a few are parasitic on other fungi (Cannon & Kirk 2007)","Cannon PF, Kirk PM. 2007. Fungal Families of the World. CAB International, Cambridge"
otu55,Basidiomycota;Agaricomycetes;Agaricales;Cortinariaceae;Cortinarius,Cortinarius,13,Symbiotroph,Ectomycorrhizal,Highly Probable,Agaricoid,NULL,NULL,"Rinaldi AC, et al. 2008. Fungal Diversity 33:1-45; Tedersoo L, et al. 2010. Mycorrhiza 20:217-263; http://mycorrhizas.info/ecmf.html"
otu68,Basidiomycota;Agaricomycetes;Agaricales;Inocybaceae;Inocybe,Inocybaceae,9,Symbiotroph,Ectomycorrhizal,Probable,Agaricoid,NULL,"Sensu stricto with the exclusion of Crepidotaceae, Tubariaceae, and Chromocyphellaceae; Pharmacology: muscarine, psilocybin, aeruginascen, unclarified alkaloids, or none",Matheny PB. 2009. McIlvainea 18:11-21
otu71,Ascomycota;Pezizomycetes;Pezizales;Pyronemataceae;Tricharina,Tricharina,13,Saprotroph,Undefined Saprotroph,Probable,NULL,NULL,"Most if not all of the species in this genus appear to be saprotrophic, although at one point some species were thought to be ectomycorrhizal. The history can be traced back: Rinaldi et al. (2008) cited Agerer (2006), who cited Ingleby et al. (1990), a report that had been based upon a description of ECM formed by Tricharina gilva. The report of Ingleby et al. (1990) was actually based upon a misidentification, as Egger (1996) sequenced dried ascocarp material obtained from Kevin Ingleby and found it to be Wilcoxina mikolae, which is known to form E-strain ECM."," Egger KN. 1996. Canadian Journal of Botany 74:773-779; Rinaldi AC, Comandini O, Kuyper TW. 2008. Fungal Diversity 33:1-45 (ECM); Tedersoo L, May TW, Smith ME. 2010. Mycorrhiza 20:217-263 (pro parte); http://mycorrhizas.info/ecmf.html (ECM)"
otu73,Basidiomycota;Agaricomycetes;Sebacinales;Sebacinaceae;Sebacina,Sebacina,13,Symbiotroph,Ectomycorrhizal-Orchid Mycorrhizal-Root Associated Biotroph,Possible,NULL,NULL,NULL,"Rinaldi AC, et al. 2008. Fungal Diversity 33:1-45; Tedersoo L, et al. 2010. Mycorrhiza 20:217-263 (pro parte); http://mycorrhizas.info/ecmf.html; Weiss et al. doi: 10.1111/nph.13977 (many guilds)"
otu74,Basidiomycota;Agaricomycetes;Thelephorales;Thelephoraceae;NA,Thelephoraceae,9,Saprotroph-Symbiotroph,Ectomycorrhizal-Undefined Saprotroph,Probable,Clavarioid,NULL,"On the ground, on soil, a few on wood. At least some speices ectomycorrhizal (Cannon & Kirk 2007)","Cannon PF, Kirk PM. 2007. Fungal Families of the World. CAB International, Cambridge"
otu78,Ascomycota;Pezizomycetes;Pezizales;Pyronemataceae;Humaria,Humaria,13,Symbiotroph,Ectomycorrhizal,Highly Probable,NULL,NULL,NULL,"Rinaldi AC, et al. 2008. Fungal Diversity 33:1-45; Tedersoo L, et al. 2010. Mycorrhiza 20:217-263; http://mycorrhizas.info/ecmf.html"
otu89,Basidiomycota;Agaricomycetes;Thelephorales;Thelephoraceae;NA,Thelephoraceae,9,Saprotroph-Symbiotroph,Ectomycorrhizal-Undefined Saprotroph,Probable,Clavarioid,NULL,"On the ground, on soil, a few on wood. At least some speices ectomycorrhizal (Cannon & Kirk 2007)","Cannon PF, Kirk PM. 2007. Fungal Families of the World. CAB International, Cambridge"
otu90,Basidiomycota;Agaricomycetes;Thelephorales;Thelephoraceae;Pseudotomentella,Pseudotomentella,13,Symbiotroph,Ectomycorrhizal,Possible,Corticioid,NULL,NULL,"Rinaldi AC, et al. 2008. Fungal Diversity 33:1-45; Tedersoo L, et al. 2010. Mycorrhiza 20:217-263 (sensu stricto); http://mycorrhizas.info/ecmf.html"
otu117,NA;NA;NA;NA;NA,-,-,-,-,-,-,-,Unassigned,-
otu101,Basidiomycota;Agaricomycetes;Thelephorales;Thelephoraceae;NA,Thelephoraceae,9,Saprotroph-Symbiotroph,Ectomycorrhizal-Undefined Saprotroph,Probable,Clavarioid,NULL,"On the ground, on soil, a few on wood. At least some speices ectomycorrhizal (Cannon & Kirk 2007)","Cannon PF, Kirk PM. 2007. Fungal Families of the World. CAB International, Cambridge"
otu102,Basidiomycota;Agaricomycetes;Thelephorales;Thelephoraceae;NA,Thelephoraceae,9,Saprotroph-Symbiotroph,Ectomycorrhizal-Undefined Saprotroph,Probable,Clavarioid,NULL,"On the ground, on soil, a few on wood. At least some speices ectomycorrhizal (Cannon & Kirk 2007)","Cannon PF, Kirk PM. 2007. Fungal Families of the World. CAB International, Cambridge"
otu103,Basidiomycota;Agaricomycetes;Thelephorales;Thelephoraceae;NA,Thelephoraceae,9,Saprotroph-Symbiotroph,Ectomycorrhizal-Undefined Saprotroph,Probable,Clavarioid,NULL,"On the ground, on soil, a few on wood. At least some speices ectomycorrhizal (Cannon & Kirk 2007)","Cannon PF, Kirk PM. 2007. Fungal Families of the World. CAB International, Cambridge"
otu104,Basidiomycota;Agaricomycetes;Agaricales;Cortinariaceae;Cortinarius,Cortinarius,13,Symbiotroph,Ectomycorrhizal,Highly Probable,Agaricoid,NULL,NULL,"Rinaldi AC, et al. 2008. Fungal Diversity 33:1-45; Tedersoo L, et al. 2010. Mycorrhiza 20:217-263; http://mycorrhizas.info/ecmf.html"
otu106,Basidiomycota;Agaricomycetes;Agaricales;Inocybaceae;Inocybe,Inocybaceae,9,Symbiotroph,Ectomycorrhizal,Probable,Agaricoid,NULL,"Sensu stricto with the exclusion of Crepidotaceae, Tubariaceae, and Chromocyphellaceae; Pharmacology: muscarine, psilocybin, aeruginascen, unclarified alkaloids, or none",Matheny PB. 2009. McIlvainea 18:11-21
otu107,Ascomycota;Pezizomycetes;Pezizales;Pyronemataceae;Sphaerosporella,Sphaerosporella,13,Symbiotroph,Ectomycorrhizal,Highly Probable,NULL,NULL,NULL,"Rinaldi AC, et al. 2008. Fungal Diversity 33:1-45; Tedersoo L, et al. 2010. Mycorrhiza 20:217-263; http://mycorrhizas.info/ecmf.html"
otu109,Basidiomycota;Agaricomycetes;Sebacinales;Sebacinaceae;Sebacina,Sebacina,13,Symbiotroph,Ectomycorrhizal-Orchid Mycorrhizal-Root Associated Biotroph,Possible,NULL,NULL,NULL,"Rinaldi AC, et al. 2008. Fungal Diversity 33:1-45; Tedersoo L, et al. 2010. Mycorrhiza 20:217-263 (pro parte); http://mycorrhizas.info/ecmf.html; Weiss et al. doi: 10.1111/nph.13977 (many guilds)"
otu11,Basidiomycota;Agaricomycetes;Thelephorales;Thelephoraceae;NA,Thelephoraceae,9,Saprotroph-Symbiotroph,Ectomycorrhizal-Undefined Saprotroph,Probable,Clavarioid,NULL,"On the ground, on soil, a few on wood. At least some speices ectomycorrhizal (Cannon & Kirk 2007)","Cannon PF, Kirk PM. 2007. Fungal Families of the World. CAB International, Cambridge"
otu112,Basidiomycota;Agaricomycetes;Thelephorales;Thelephoraceae;NA,Thelephoraceae,9,Saprotroph-Symbiotroph,Ectomycorrhizal-Undefined Saprotroph,Probable,Clavarioid,NULL,"On the ground, on soil, a few on wood. At least some speices ectomycorrhizal (Cannon & Kirk 2007)","Cannon PF, Kirk PM. 2007. Fungal Families of the World. CAB International, Cambridge"
otu113,Ascomycota;Pezizomycetes;Pezizales;Pyronemataceae;Tarzetta,Tarzetta,13,Symbiotroph,Ectomycorrhizal,Highly Probable,Pezizoid,NULL,NULL,"Rinaldi AC, et al. 2008. Fungal Diversity 33:1-45; Tedersoo L, et al. 2010. Mycorrhiza 20:217-263"
otu115,Basidiomycota;Agaricomycetes;Atheliales;Atheliaceae;Amphinema,Amphinema,13,Symbiotroph,Ectomycorrhizal,Highly Probable,Corticioid,NULL,NULL,"Rinaldi AC, et al. 2008. Fungal Diversity 33:1-45; Tedersoo L, et al. 2010. Mycorrhiza 20:217-263; http://mycorrhizas.info/ecmf.html"
otu116,Basidiomycota;Agaricomycetes;Thelephorales;Thelephoraceae;Thelephora,Thelephora,13,Symbiotroph,Ectomycorrhizal,Highly Probable,Clavarioid,NULL,NULL,"Rinaldi AC, et al. 2008. Fungal Diversity 33:1-45; Tedersoo L, et al. 2010. Mycorrhiza 20:217-263; http://mycorrhizas.info/ecmf.html"
otu119,Basidiomycota;Agaricomycetes;Agaricales;Inocybaceae;Inocybe,Inocybaceae,9,Symbiotroph,Ectomycorrhizal,Probable,Agaricoid,NULL,"Sensu stricto with the exclusion of Crepidotaceae, Tubariaceae, and Chromocyphellaceae; Pharmacology: muscarine, psilocybin, aeruginascen, unclarified alkaloids, or none",Matheny PB. 2009. McIlvainea 18:11-21
otu12,Basidiomycota;Agaricomycetes;Agaricales;Inocybaceae;Inocybe,Inocybaceae,9,Symbiotroph,Ectomycorrhizal,Probable,Agaricoid,NULL,"Sensu stricto with the exclusion of Crepidotaceae, Tubariaceae, and Chromocyphellaceae; Pharmacology: muscarine, psilocybin, aeruginascen, unclarified alkaloids, or none",Matheny PB. 2009. McIlvainea 18:11-21
otu121,Ascomycota;Eurotiomycetes;Eurotiales;Aspergillaceae;Penicillium,Eurotiales,7,Saprotroph,Undefined Saprotroph,Possible,Microfungus,NULL,NULL,"Sterkenburg E, et al. 2015. New Phytologist 207:1145-1158"
otu122,Ascomycota;Leotiomycetes;Helotiales;Myxotrichaceae;Oidiodendron,Oidiodendron,13,Pathotroph-Symbiotroph,Ericoid Mycorrhizal,Probable,Dark Septate Endophyte,NULL,NULL,Newsham 2011. New Phytologist 190:783-793 (as DSE)
otu13,Basidiomycota;Agaricomycetes;Boletales;Rhizopogonaceae;Rhizopogon,Rhizopogon,13,Symbiotroph,Ectomycorrhizal,Highly Probable,Gasteroid,Hypogeous,Common name - false truffle,"Rinaldi AC, et al. 2008. Fungal Diversity 33:1-45; Tedersoo L, et al. 2010. Mycorrhiza 20:217-263; http://mycorrhizas.info/ecmf.html"
otu14,Basidiomycota;Agaricomycetes;Atheliales;Atheliaceae;Amphinema,Amphinema,13,Symbiotroph,Ectomycorrhizal,Highly Probable,Corticioid,NULL,NULL,"Rinaldi AC, et al. 2008. Fungal Diversity 33:1-45; Tedersoo L, et al. 2010. Mycorrhiza 20:217-263; http://mycorrhizas.info/ecmf.html"
otu21,Basidiomycota;Agaricomycetes;Hymenochaetales;Hymenochaetaceae;Coltricia,Coltricia,13,Symbiotroph,Ectomycorrhizal,Highly Probable,Polyporoid,NULL,NULL,"Gilbertson RL, Ryvarden L. 1987-1987. North American Polypores. Fungiflora, Oslo; Rinaldi AC, et al. 2008. Fungal Diversity 33:1-45; Tedersoo L, et al. 2010. Mycorrhiza 20:217-263"
otu29,Basidiomycota;Agaricomycetes;Russulales;Russulaceae;NA,Russulaceae,9,Symbiotroph,Ectomycorrhizal,Probable,Agaricoid-Corticioid-Gasteroid-Secotioid,NULL,"The genera Lactarius, Lactifluus, Multifurca and Russula form a mutualistic ectomycorrhizal root symbiosis with trees and shrubs, while the corticioid species in Boidinia, Gloeopeniophorella, and Pseudoxenasma are saprotrophic, wood-degrading fungi.","Larsson E, K-H Larsson. 2003. Mycologia 95:1037-1065"
otu3,Basidiomycota;Agaricomycetes;Thelephorales;Thelephoraceae;Tomentella,Tomentella,13,Symbiotroph,Ectomycorrhizal,Highly Probable,Corticioid,NULL,NULL,"Rinaldi AC, et al. 2008. Fungal Diversity 33:1-45; Tedersoo L, et al. 2010. Mycorrhiza 20:217-263; http://mycorrhizas.info/ecmf.html"
otu32,Ascomycota;Leotiomycetes;Helotiales;Myxotrichaceae;Oidiodendron,Oidiodendron,13,Pathotroph-Symbiotroph,Ericoid Mycorrhizal,Probable,Dark Septate Endophyte,NULL,NULL,Newsham 2011. New Phytologist 190:783-793 (as DSE)
otu36,Basidiomycota;Agaricomycetes;Cantharellales;Clavulinaceae;Clavulina,Clavulina,13,Symbiotroph,Ectomycorrhizal,Highly Probable,Clavarioid,NULL,NULL,"Tedersoo L, et al. 2014. Science 346:1256688 (doi:10.1126/science.1256688)"
otu4,Basidiomycota;Agaricomycetes;Cantharellales;Cantharellaceae;Pseudocraterellus,Pseudocraterellus,13,Symbiotroph,Ectomycorrhizal,Probable,NULL,NULL,NULL,"Tedersoo L, et al. 2014. Science 346:1256688"
otu40,Basidiomycota;Agaricomycetes;Agaricales;Amanitaceae;Amanita,Amanita,13,Symbiotroph,Ectomycorrhizal,Highly Probable,Agaricoid,NULL,NULL,"Rinaldi AC, et al. 2008. Fungal Diversity 33:1-45; Tedersoo L, et al. 2010. Mycorrhiza 20:217-263; http://mycorrhizas.info/ecmf.html"
otu42,Ascomycota;Archaeorhizomycetes;Archaeorhizomycetales;Archaeorhizomycetaceae;Archaeorhizomyces,Archaeorhizomyces,13,Saprotroph,Soil Saprotroph,Probable,Microfungus,NULL,From rhizosphere soil and coniferous ectomycorrhizal root tips (Rosling et al. 2011),"Rosling A, et al. 2011. Science 333:876-879"
otu44,Basidiomycota;Agaricomycetes;Sebacinales;Sebacinaceae;Sebacina,Sebacina,13,Symbiotroph,Ectomycorrhizal-Orchid Mycorrhizal-Root Associated Biotroph,Possible,NULL,NULL,NULL,"Rinaldi AC, et al. 2008. Fungal Diversity 33:1-45; Tedersoo L, et al. 2010. Mycorrhiza 20:217-263 (pro parte); http://mycorrhizas.info/ecmf.html; Weiss et al. doi: 10.1111/nph.13977 (many guilds)"
otu45,Basidiomycota;Agaricomycetes;Agaricales;Inocybaceae;Inocybe,Inocybaceae,9,Symbiotroph,Ectomycorrhizal,Probable,Agaricoid,NULL,"Sensu stricto with the exclusion of Crepidotaceae, Tubariaceae, and Chromocyphellaceae; Pharmacology: muscarine, psilocybin, aeruginascen, unclarified alkaloids, or none",Matheny PB. 2009. McIlvainea 18:11-21
otu46,Basidiomycota;Agaricomycetes;Russulales;Russulaceae;Lactarius,Lactarius,13,Symbiotroph,Ectomycorrhizal,Highly Probable,Agaricoid,NULL,Common name - milk-cap,"Rinaldi AC, et al. 2008. Fungal Diversity 33:1-45; Tedersoo L, et al. 2010. Mycorrhiza 20:217-263; http://mycorrhizas.info/ecmf.html"
otu48,Basidiomycota;Agaricomycetes;Agaricales;Cortinariaceae;Cortinarius,Cortinarius,13,Symbiotroph,Ectomycorrhizal,Highly Probable,Agaricoid,NULL,NULL,"Rinaldi AC, et al. 2008. Fungal Diversity 33:1-45; Tedersoo L, et al. 2010. Mycorrhiza 20:217-263; http://mycorrhizas.info/ecmf.html"
otu51,Basidiomycota;Agaricomycetes;Thelephorales;Thelephoraceae;NA,Thelephoraceae,9,Saprotroph-Symbiotroph,Ectomycorrhizal-Undefined Saprotroph,Probable,Clavarioid,NULL,"On the ground, on soil, a few on wood. At least some speices ectomycorrhizal (Cannon & Kirk 2007)","Cannon PF, Kirk PM. 2007. Fungal Families of the World. CAB International, Cambridge"
otu54,Basidiomycota;Agaricomycetes;Russulales;Russulaceae;Russula,Russula,13,Symbiotroph,Ectomycorrhizal,Highly Probable,Agaricoid,NULL,NULL,"Rinaldi AC, et al. 2008. Fungal Diversity 33:1-45; Tedersoo L, et al. 2010. Mycorrhiza 20:217-263; http://mycorrhizas.info/ecmf.html"
otu57,Basidiomycota;Agaricomycetes;Sebacinales;Sebacinaceae;Sebacina,Sebacina,13,Symbiotroph,Ectomycorrhizal-Orchid Mycorrhizal-Root Associated Biotroph,Possible,NULL,NULL,NULL,"Rinaldi AC, et al. 2008. Fungal Diversity 33:1-45; Tedersoo L, et al. 2010. Mycorrhiza 20:217-263 (pro parte); http://mycorrhizas.info/ecmf.html; Weiss et al. doi: 10.1111/nph.13977 (many guilds)"
otu58,Basidiomycota;Agaricomycetes;Russulales;Russulaceae;NA,Russulaceae,9,Symbiotroph,Ectomycorrhizal,Probable,Agaricoid-Corticioid-Gasteroid-Secotioid,NULL,"The genera Lactarius, Lactifluus, Multifurca and Russula form a mutualistic ectomycorrhizal root symbiosis with trees and shrubs, while the corticioid species in Boidinia, Gloeopeniophorella, and Pseudoxenasma are saprotrophic, wood-degrading fungi.","Larsson E, K-H Larsson. 2003. Mycologia 95:1037-1065"
otu67,Basidiomycota;Agaricomycetes;Agaricales;Inocybaceae;Inocybe,Inocybaceae,9,Symbiotroph,Ectomycorrhizal,Probable,Agaricoid,NULL,"Sensu stricto with the exclusion of Crepidotaceae, Tubariaceae, and Chromocyphellaceae; Pharmacology: muscarine, psilocybin, aeruginascen, unclarified alkaloids, or none",Matheny PB. 2009. McIlvainea 18:11-21
otu69,Ascomycota;Pezizomycetes;Pezizales;Pezizaceae;Peziza,Peziza,13,Saprotroph-Symbiotroph,Dung Saprotroph-Ectomycorrhizal-Litter Saprotroph-Undefined Saprotroph,Possible,Pezizoid,NULL,"Saprobic or ectomycorrhizal, on or in soil, leafmould etc., some species associated with dung or fire sites (Cannon & Kirk 2007)","Cannon PF, Kirk PM. 2007. Fungal Families of the World. CAB International, Cambridge; Rinaldi AC, et al. 2008. Fungal Diversity 33:1-45; Tedersoo L, et al. 2010. Mycorrhiza 20:217-263 (pro parte)"
otu7,Basidiomycota;Agaricomycetes;Russulales;Russulaceae;Russula,Russula,13,Symbiotroph,Ectomycorrhizal,Highly Probable,Agaricoid,NULL,NULL,"Rinaldi AC, et al. 2008. Fungal Diversity 33:1-45; Tedersoo L, et al. 2010. Mycorrhiza 20:217-263; http://mycorrhizas.info/ecmf.html"
otu70,Basidiomycota;Agaricomycetes;Thelephorales;Thelephoraceae;NA,Thelephoraceae,9,Saprotroph-Symbiotroph,Ectomycorrhizal-Undefined Saprotroph,Probable,Clavarioid,NULL,"On the ground, on soil, a few on wood. At least some speices ectomycorrhizal (Cannon & Kirk 2007)","Cannon PF, Kirk PM. 2007. Fungal Families of the World. CAB International, Cambridge"
otu79,Ascomycota;Pezizomycetes;Pezizales;Pezizaceae;Hydnobolites,Hydnobolites,13,Symbiotroph,Ectomycorrhizal,Highly Probable,NULL,NULL,NULL,"Rinaldi AC, et al. 2008. Fungal Diversity 33:1-45; Tedersoo L, et al. 2010. Mycorrhiza 20:217-263"
otu83,Basidiomycota;Agaricomycetes;Sebacinales;Sebacinaceae;Sebacina,Sebacina,13,Symbiotroph,Ectomycorrhizal-Orchid Mycorrhizal-Root Associated Biotroph,Possible,NULL,NULL,NULL,"Rinaldi AC, et al. 2008. Fungal Diversity 33:1-45; Tedersoo L, et al. 2010. Mycorrhiza 20:217-263 (pro parte); http://mycorrhizas.info/ecmf.html; Weiss et al. doi: 10.1111/nph.13977 (many guilds)"
otu84,Basidiomycota;Agaricomycetes;Sebacinales;Sebacinaceae;Sebacina,Sebacina,13,Symbiotroph,Ectomycorrhizal-Orchid Mycorrhizal-Root Associated Biotroph,Possible,NULL,NULL,NULL,"Rinaldi AC, et al. 2008. Fungal Diversity 33:1-45; Tedersoo L, et al. 2010. Mycorrhiza 20:217-263 (pro parte); http://mycorrhizas.info/ecmf.html; Weiss et al. doi: 10.1111/nph.13977 (many guilds)"
otu87,Ascomycota;Pezizomycetes;Pezizales;Pezizaceae;Peziza,Peziza,13,Saprotroph-Symbiotroph,Dung Saprotroph-Ectomycorrhizal-Litter Saprotroph-Undefined Saprotroph,Possible,Pezizoid,NULL,"Saprobic or ectomycorrhizal, on or in soil, leafmould etc., some species associated with dung or fire sites (Cannon & Kirk 2007)","Cannon PF, Kirk PM. 2007. Fungal Families of the World. CAB International, Cambridge; Rinaldi AC, et al. 2008. Fungal Diversity 33:1-45; Tedersoo L, et al. 2010. Mycorrhiza 20:217-263 (pro parte)"
otu88,Basidiomycota;Agaricomycetes;Agaricales;Inocybaceae;Inocybe,Inocybaceae,9,Symbiotroph,Ectomycorrhizal,Probable,Agaricoid,NULL,"Sensu stricto with the exclusion of Crepidotaceae, Tubariaceae, and Chromocyphellaceae; Pharmacology: muscarine, psilocybin, aeruginascen, unclarified alkaloids, or none",Matheny PB. 2009. McIlvainea 18:11-21
otu94,Basidiomycota;Agaricomycetes;Sebacinales;Sebacinaceae;Sebacina,Sebacina,13,Symbiotroph,Ectomycorrhizal-Orchid Mycorrhizal-Root Associated Biotroph,Possible,NULL,NULL,NULL,"Rinaldi AC, et al. 2008. Fungal Diversity 33:1-45; Tedersoo L, et al. 2010. Mycorrhiza 20:217-263 (pro parte); http://mycorrhizas.info/ecmf.html; Weiss et al. doi: 10.1111/nph.13977 (many guilds)"
otu98,Basidiomycota;Agaricomycetes;Agaricales;Inocybaceae;Inocybe,Inocybaceae,9,Symbiotroph,Ectomycorrhizal,Probable,Agaricoid,NULL,"Sensu stricto with the exclusion of Crepidotaceae, Tubariaceae, and Chromocyphellaceae; Pharmacology: muscarine, psilocybin, aeruginascen, unclarified alkaloids, or none",Matheny PB. 2009. McIlvainea 18:11-21
otu111,NA;NA;NA;NA;NA,-,-,-,-,-,-,-,Unassigned,-
otu114,NA;NA;NA;NA;NA,-,-,-,-,-,-,-,Unassigned,-
otu118,NA;NA;NA;NA;NA,-,-,-,-,-,-,-,Unassigned,-
otu123,Basidiomycota;Agaricomycetes;NA;NA;NA,-,-,-,-,-,-,-,Unassigned,-
otu60,Ascomycota;Leotiomycetes;Helotiales;NA;NA,-,-,-,-,-,-,-,Unassigned,-
otu63,Basidiomycota;Agaricomycetes;Agaricales;NA;NA,-,-,-,-,-,-,-,Unassigned,-
otu72,Basidiomycota;Agaricomycetes;Tremellodendropsidales;NA;NA,-,-,-,-,-,-,-,Unassigned,-
otu96,Ascomycota;Leotiomycetes;Rhytismatales;NA;NA,-,-,-,-,-,-,-,Unassigned,-
otu99,Ascomycota;Pezizomycetes;NA;NA;NA,-,-,-,-,-,-,-,Unassigned,-