tree1,tree2,dissimilarity,fire.history.1,fire.history.2,comp.fire,range.1,range.2,comp.range
NF11,NF11,0,unburned,unburned,Same,pinaleno,pinaleno,Same
NF12,NF11,0.988439306,unburned,unburned,Same,pinaleno,pinaleno,Same
NF13,NF11,1,unburned,unburned,Same,pinaleno,pinaleno,Same
NF14,NF11,0.995073892,unburned,unburned,Same,pinaleno,pinaleno,Same
NF15,NF11,0.988483685,unburned,unburned,Same,pinaleno,pinaleno,Same
NF17,NF11,0.975903614,unburned,unburned,Same,pinaleno,pinaleno,Same
NF18,NF11,0.967213115,unburned,unburned,Same,pinaleno,pinaleno,Same
NF20,NF11,0.985148515,unburned,unburned,Same,pinaleno,pinaleno,Same
F11,NF11,1,burned,unburned,Different,pinaleno,pinaleno,Same
F12,NF11,1,burned,unburned,Different,pinaleno,pinaleno,Same
F13,NF11,1,burned,unburned,Different,pinaleno,pinaleno,Same
F14,NF11,1,burned,unburned,Different,pinaleno,pinaleno,Same
F15,NF11,1,burned,unburned,Different,pinaleno,pinaleno,Same
F16,NF11,1,burned,unburned,Different,pinaleno,pinaleno,Same
F17,NF11,1,burned,unburned,Different,pinaleno,pinaleno,Same
F18,NF11,1,burned,unburned,Different,pinaleno,pinaleno,Same
F19,NF11,1,burned,unburned,Different,pinaleno,pinaleno,Same
F20,NF11,1,burned,unburned,Different,pinaleno,pinaleno,Same
LB019,NF11,1,unburned,unburned,Same,santa.catalina,pinaleno,Different
LB020,NF11,1,unburned,unburned,Same,santa.catalina,pinaleno,Different
LB021,NF11,0.989189189,unburned,unburned,Same,santa.catalina,pinaleno,Different
LB023,NF11,1,unburned,unburned,Same,santa.catalina,pinaleno,Different
LB024,NF11,1,unburned,unburned,Same,santa.catalina,pinaleno,Different
LB055,NF11,1,unburned,unburned,Same,santa.catalina,pinaleno,Different
LB056,NF11,1,unburned,unburned,Same,santa.catalina,pinaleno,Different
LB057,NF11,1,unburned,unburned,Same,santa.catalina,pinaleno,Different
LB058,NF11,1,unburned,unburned,Same,santa.catalina,pinaleno,Different
LB059,NF11,1,unburned,unburned,Same,santa.catalina,pinaleno,Different
LB060,NF11,1,unburned,unburned,Same,santa.catalina,pinaleno,Different
F1,NF11,0.992932862,burned,unburned,Different,santa.catalina,pinaleno,Different
F2,NF11,1,burned,unburned,Different,santa.catalina,pinaleno,Different
F3,NF11,1,burned,unburned,Different,santa.catalina,pinaleno,Different
F4,NF11,1,burned,unburned,Different,santa.catalina,pinaleno,Different
F5,NF11,1,burned,unburned,Different,santa.catalina,pinaleno,Different
F10,NF11,1,burned,unburned,Different,santa.catalina,pinaleno,Different
F6,NF11,1,burned,unburned,Different,santa.catalina,pinaleno,Different
F7,NF11,1,burned,unburned,Different,santa.catalina,pinaleno,Different
F8,NF11,1,burned,unburned,Different,santa.catalina,pinaleno,Different
F9,NF11,1,burned,unburned,Different,santa.catalina,pinaleno,Different
NF12,NF12,0,unburned,unburned,Same,pinaleno,pinaleno,Same
NF13,NF12,0.913117547,unburned,unburned,Same,pinaleno,pinaleno,Same
NF14,NF12,0.950617284,unburned,unburned,Same,pinaleno,pinaleno,Same
NF15,NF12,0.878172589,unburned,unburned,Same,pinaleno,pinaleno,Same
NF17,NF12,1,unburned,unburned,Same,pinaleno,pinaleno,Same
NF18,NF12,1,unburned,unburned,Same,pinaleno,pinaleno,Same
NF20,NF12,1,unburned,unburned,Same,pinaleno,pinaleno,Same
F11,NF12,0.993589744,burned,unburned,Different,pinaleno,pinaleno,Same
F12,NF12,0.987538941,burned,unburned,Different,pinaleno,pinaleno,Same
F13,NF12,0.991712707,burned,unburned,Different,pinaleno,pinaleno,Same
F14,NF12,0.951070336,burned,unburned,Different,pinaleno,pinaleno,Same
F15,NF12,0.968503937,burned,unburned,Different,pinaleno,pinaleno,Same
F16,NF12,0.962264151,burned,unburned,Different,pinaleno,pinaleno,Same
F17,NF12,0.985865724,burned,unburned,Different,pinaleno,pinaleno,Same
F18,NF12,0.953917051,burned,unburned,Different,pinaleno,pinaleno,Same
F19,NF12,1,burned,unburned,Different,pinaleno,pinaleno,Same
F20,NF12,1,burned,unburned,Different,pinaleno,pinaleno,Same
LB019,NF12,0.993690852,unburned,unburned,Same,santa.catalina,pinaleno,Different
LB020,NF12,0.95584989,unburned,unburned,Same,santa.catalina,pinaleno,Different
LB021,NF12,0.987460815,unburned,unburned,Same,santa.catalina,pinaleno,Different
LB023,NF12,1,unburned,unburned,Same,santa.catalina,pinaleno,Different
LB024,NF12,0.950520833,unburned,unburned,Same,santa.catalina,pinaleno,Different
LB055,NF12,0.957173448,unburned,unburned,Same,santa.catalina,pinaleno,Different
LB056,NF12,1,unburned,unburned,Same,santa.catalina,pinaleno,Different
LB057,NF12,0.953051643,unburned,unburned,Same,santa.catalina,pinaleno,Different
LB058,NF12,0.993181818,unburned,unburned,Same,santa.catalina,pinaleno,Different
LB059,NF12,0.937343358,unburned,unburned,Same,santa.catalina,pinaleno,Different
LB060,NF12,0.96742671,unburned,unburned,Same,santa.catalina,pinaleno,Different
F1,NF12,0.950124688,burned,unburned,Different,santa.catalina,pinaleno,Different
F2,NF12,0.956331878,burned,unburned,Different,santa.catalina,pinaleno,Different
F3,NF12,0.874045802,burned,unburned,Different,santa.catalina,pinaleno,Different
F4,NF12,0.893258427,burned,unburned,Different,santa.catalina,pinaleno,Different
F5,NF12,0.952718676,burned,unburned,Different,santa.catalina,pinaleno,Different
F10,NF12,0.979057592,burned,unburned,Different,santa.catalina,pinaleno,Different
F6,NF12,0.83887468,burned,unburned,Different,santa.catalina,pinaleno,Different
F7,NF12,0.962616822,burned,unburned,Different,santa.catalina,pinaleno,Different
F8,NF12,0.968660969,burned,unburned,Different,santa.catalina,pinaleno,Different
F9,NF12,0.918819188,burned,unburned,Different,santa.catalina,pinaleno,Different
NF13,NF13,0,unburned,unburned,Same,pinaleno,pinaleno,Same
NF14,NF13,0.966386555,unburned,unburned,Same,pinaleno,pinaleno,Same
NF15,NF13,0.933246073,unburned,unburned,Same,pinaleno,pinaleno,Same
NF17,NF13,1,unburned,unburned,Same,pinaleno,pinaleno,Same
NF18,NF13,1,unburned,unburned,Same,pinaleno,pinaleno,Same
NF20,NF13,1,unburned,unburned,Same,pinaleno,pinaleno,Same
F11,NF13,0.995689655,burned,unburned,Different,pinaleno,pinaleno,Same
F12,NF13,0.99154334,burned,unburned,Different,pinaleno,pinaleno,Same
F13,NF13,0.992202729,burned,unburned,Different,pinaleno,pinaleno,Same
F14,NF13,0.987730061,burned,unburned,Different,pinaleno,pinaleno,Same
F15,NF13,0.991044776,burned,unburned,Different,pinaleno,pinaleno,Same
F16,NF13,0.99137931,burned,unburned,Different,pinaleno,pinaleno,Same
F17,NF13,0.990804598,burned,unburned,Different,pinaleno,pinaleno,Same
F18,NF13,0.99,burned,unburned,Different,pinaleno,pinaleno,Same
F19,NF13,1,burned,unburned,Different,pinaleno,pinaleno,Same
F20,NF13,0.99871959,burned,unburned,Different,pinaleno,pinaleno,Same
LB019,NF13,0.995735608,unburned,unburned,Same,santa.catalina,pinaleno,Different
LB020,NF13,0.990306947,unburned,unburned,Same,santa.catalina,pinaleno,Different
LB021,NF13,0.991507431,unburned,unburned,Same,santa.catalina,pinaleno,Different
LB023,NF13,1,unburned,unburned,Same,santa.catalina,pinaleno,Different
LB024,NF13,0.989071038,unburned,unburned,Same,santa.catalina,pinaleno,Different
LB055,NF13,0.988924051,unburned,unburned,Same,santa.catalina,pinaleno,Different
LB056,NF13,1,unburned,unburned,Same,santa.catalina,pinaleno,Different
LB057,NF13,0.989864865,unburned,unburned,Same,santa.catalina,pinaleno,Different
LB058,NF13,0.994932432,unburned,unburned,Same,santa.catalina,pinaleno,Different
LB059,NF13,0.972250771,unburned,unburned,Same,santa.catalina,pinaleno,Different
LB060,NF13,0.992307692,unburned,unburned,Same,santa.catalina,pinaleno,Different
F1,NF13,0.989417989,burned,unburned,Different,santa.catalina,pinaleno,Different
F2,NF13,0.990384615,burned,unburned,Different,santa.catalina,pinaleno,Different
F3,NF13,0.919941776,burned,unburned,Different,santa.catalina,pinaleno,Different
F4,NF13,0.954022989,burned,unburned,Different,santa.catalina,pinaleno,Different
F5,NF13,0.989813243,burned,unburned,Different,santa.catalina,pinaleno,Different
F10,NF13,0.98880597,burned,unburned,Different,santa.catalina,pinaleno,Different
F6,NF13,0.908108108,burned,unburned,Different,santa.catalina,pinaleno,Different
F7,NF13,0.99,burned,unburned,Different,santa.catalina,pinaleno,Different
F8,NF13,0.986193294,burned,unburned,Different,santa.catalina,pinaleno,Different
F9,NF13,0.974654378,burned,unburned,Different,santa.catalina,pinaleno,Different
NF14,NF14,0,unburned,unburned,Same,pinaleno,pinaleno,Same
NF15,NF14,0.95766129,unburned,unburned,Same,pinaleno,pinaleno,Same
NF17,NF14,0.98340249,unburned,unburned,Same,pinaleno,pinaleno,Same
NF18,NF14,0.965317919,unburned,unburned,Same,pinaleno,pinaleno,Same
NF20,NF14,0.961038961,unburned,unburned,Same,pinaleno,pinaleno,Same
F11,NF14,0.987951807,burned,unburned,Different,pinaleno,pinaleno,Same
F12,NF14,0.982954545,burned,unburned,Different,pinaleno,pinaleno,Same
F13,NF14,0.986111111,burned,unburned,Different,pinaleno,pinaleno,Same
F14,NF14,0.984536082,burned,unburned,Different,pinaleno,pinaleno,Same
F15,NF14,0.981132075,burned,unburned,Different,pinaleno,pinaleno,Same
F16,NF14,0.992518703,burned,unburned,Different,pinaleno,pinaleno,Same
F17,NF14,0.97826087,burned,unburned,Different,pinaleno,pinaleno,Same
F18,NF14,0.937931034,burned,unburned,Different,pinaleno,pinaleno,Same
F19,NF14,1,burned,unburned,Different,pinaleno,pinaleno,Same
F20,NF14,1,burned,unburned,Different,pinaleno,pinaleno,Same
LB019,NF14,0.988304094,unburned,unburned,Same,santa.catalina,pinaleno,Different
LB020,NF14,0.990740741,unburned,unburned,Same,santa.catalina,pinaleno,Different
LB021,NF14,0.982758621,unburned,unburned,Same,santa.catalina,pinaleno,Different
LB023,NF14,1,unburned,unburned,Same,santa.catalina,pinaleno,Different
LB024,NF14,0.946721311,unburned,unburned,Same,santa.catalina,pinaleno,Different
LB055,NF14,0.975975976,unburned,unburned,Same,santa.catalina,pinaleno,Different
LB056,NF14,1,unburned,unburned,Same,santa.catalina,pinaleno,Different
LB057,NF14,0.98989899,unburned,unburned,Same,santa.catalina,pinaleno,Different
LB058,NF14,0.939285714,unburned,unburned,Same,santa.catalina,pinaleno,Different
LB059,NF14,0.969162996,unburned,unburned,Same,santa.catalina,pinaleno,Different
LB060,NF14,0.959488273,unburned,unburned,Same,santa.catalina,pinaleno,Different
F1,NF14,0.985239852,burned,unburned,Different,santa.catalina,pinaleno,Different
F2,NF14,0.987804878,burned,unburned,Different,santa.catalina,pinaleno,Different
F3,NF14,0.962616822,burned,unburned,Different,santa.catalina,pinaleno,Different
F4,NF14,0.92173913,burned,unburned,Different,santa.catalina,pinaleno,Different
F5,NF14,0.989795918,burned,unburned,Different,santa.catalina,pinaleno,Different
F10,NF14,0.987551867,burned,unburned,Different,santa.catalina,pinaleno,Different
F6,NF14,0.945205479,burned,unburned,Different,santa.catalina,pinaleno,Different
F7,NF14,0.956632653,burned,unburned,Different,santa.catalina,pinaleno,Different
F8,NF14,0.961538462,burned,unburned,Different,santa.catalina,pinaleno,Different
F9,NF14,0.942446043,burned,unburned,Different,santa.catalina,pinaleno,Different
NF15,NF15,0,unburned,unburned,Same,pinaleno,pinaleno,Same
NF17,NF15,0.974729242,unburned,unburned,Same,pinaleno,pinaleno,Same
NF18,NF15,0.94092827,unburned,unburned,Same,pinaleno,pinaleno,Same
NF20,NF15,0.894495413,unburned,unburned,Same,pinaleno,pinaleno,Same
F11,NF15,0.99591002,burned,unburned,Different,pinaleno,pinaleno,Same
F12,NF15,0.991967871,burned,unburned,Different,pinaleno,pinaleno,Same
F13,NF15,0.994434137,burned,unburned,Different,pinaleno,pinaleno,Same
F14,NF15,0.968253968,burned,unburned,Different,pinaleno,pinaleno,Same
F15,NF15,0.976642336,burned,unburned,Different,pinaleno,pinaleno,Same
F16,NF15,0.946376812,burned,unburned,Different,pinaleno,pinaleno,Same
F17,NF15,0.991304348,burned,unburned,Different,pinaleno,pinaleno,Same
F18,NF15,0.937710438,burned,unburned,Different,pinaleno,pinaleno,Same
F19,NF15,1,burned,unburned,Different,pinaleno,pinaleno,Same
F20,NF15,1,burned,unburned,Different,pinaleno,pinaleno,Same
LB019,NF15,0.995951417,unburned,unburned,Same,santa.catalina,pinaleno,Different
LB020,NF15,0.939641109,unburned,unburned,Same,santa.catalina,pinaleno,Different
LB021,NF15,0.991935484,unburned,unburned,Same,santa.catalina,pinaleno,Different
LB023,NF15,0.9566787,unburned,unburned,Same,santa.catalina,pinaleno,Different
LB024,NF15,0.958707361,unburned,unburned,Same,santa.catalina,pinaleno,Different
LB055,NF15,0.942675159,unburned,unburned,Same,santa.catalina,pinaleno,Different
LB056,NF15,1,unburned,unburned,Same,santa.catalina,pinaleno,Different
LB057,NF15,0.961666667,unburned,unburned,Same,santa.catalina,pinaleno,Different
LB058,NF15,0.98858075,unburned,unburned,Same,santa.catalina,pinaleno,Different
LB059,NF15,0.940020683,unburned,unburned,Same,santa.catalina,pinaleno,Different
LB060,NF15,0.952196382,unburned,unburned,Same,santa.catalina,pinaleno,Different
F1,NF15,0.932142857,burned,unburned,Different,santa.catalina,pinaleno,Different
F2,NF15,0.938411669,burned,unburned,Different,santa.catalina,pinaleno,Different
F3,NF15,0.704391892,burned,unburned,Different,santa.catalina,pinaleno,Different
F4,NF15,0.914448669,burned,unburned,Different,santa.catalina,pinaleno,Different
F5,NF15,0.956228956,burned,unburned,Different,santa.catalina,pinaleno,Different
F10,NF15,0.98568873,burned,unburned,Different,santa.catalina,pinaleno,Different
F6,NF15,0.883185841,burned,unburned,Different,santa.catalina,pinaleno,Different
F7,NF15,0.940665702,burned,unburned,Different,santa.catalina,pinaleno,Different
F8,NF15,0.979166667,burned,unburned,Different,santa.catalina,pinaleno,Different
F9,NF15,0.950892857,burned,unburned,Different,santa.catalina,pinaleno,Different
NF17,NF17,0,unburned,unburned,Same,pinaleno,pinaleno,Same
NF18,NF17,0.935185185,unburned,unburned,Same,pinaleno,pinaleno,Same
NF20,NF17,0.936320755,unburned,unburned,Same,pinaleno,pinaleno,Same
F11,NF17,1,burned,unburned,Different,pinaleno,pinaleno,Same
F12,NF17,1,burned,unburned,Different,pinaleno,pinaleno,Same
F13,NF17,0.981132075,burned,unburned,Different,pinaleno,pinaleno,Same
F14,NF17,0.872727273,burned,unburned,Different,pinaleno,pinaleno,Same
F15,NF17,1,burned,unburned,Different,pinaleno,pinaleno,Same
F16,NF17,0.993362832,burned,unburned,Different,pinaleno,pinaleno,Same
F17,NF17,1,burned,unburned,Different,pinaleno,pinaleno,Same
F18,NF17,1,burned,unburned,Different,pinaleno,pinaleno,Same
F19,NF17,0.992424242,burned,unburned,Different,pinaleno,pinaleno,Same
F20,NF17,1,burned,unburned,Different,pinaleno,pinaleno,Same
LB019,NF17,1,unburned,unburned,Same,santa.catalina,pinaleno,Different
LB020,NF17,1,unburned,unburned,Same,santa.catalina,pinaleno,Different
LB021,NF17,1,unburned,unburned,Same,santa.catalina,pinaleno,Different
LB023,NF17,1,unburned,unburned,Same,santa.catalina,pinaleno,Different
LB024,NF17,0.990163934,unburned,unburned,Same,santa.catalina,pinaleno,Different
LB055,NF17,1,unburned,unburned,Same,santa.catalina,pinaleno,Different
LB056,NF17,1,unburned,unburned,Same,santa.catalina,pinaleno,Different
LB057,NF17,1,unburned,unburned,Same,santa.catalina,pinaleno,Different
LB058,NF17,0.991304348,unburned,unburned,Same,santa.catalina,pinaleno,Different
LB059,NF17,0.996,unburned,unburned,Same,santa.catalina,pinaleno,Different
LB060,NF17,1,unburned,unburned,Same,santa.catalina,pinaleno,Different
F1,NF17,0.996923077,burned,unburned,Different,santa.catalina,pinaleno,Different
F2,NF17,0.997382199,burned,unburned,Different,santa.catalina,pinaleno,Different
F3,NF17,1,burned,unburned,Different,santa.catalina,pinaleno,Different
F4,NF17,1,burned,unburned,Different,santa.catalina,pinaleno,Different
F5,NF17,1,burned,unburned,Different,santa.catalina,pinaleno,Different
F10,NF17,1,burned,unburned,Different,santa.catalina,pinaleno,Different
F6,NF17,1,burned,unburned,Different,santa.catalina,pinaleno,Different
F7,NF17,0.993435449,burned,unburned,Different,santa.catalina,pinaleno,Different
F8,NF17,1,burned,unburned,Different,santa.catalina,pinaleno,Different
F9,NF17,1,burned,unburned,Different,santa.catalina,pinaleno,Different
NF18,NF18,0,unburned,unburned,Same,pinaleno,pinaleno,Same
NF20,NF18,0.918539326,unburned,unburned,Same,pinaleno,pinaleno,Same
F11,NF18,0.883211679,burned,unburned,Different,pinaleno,pinaleno,Same
F12,NF18,1,burned,unburned,Different,pinaleno,pinaleno,Same
F13,NF18,1,burned,unburned,Different,pinaleno,pinaleno,Same
F14,NF18,1,burned,unburned,Different,pinaleno,pinaleno,Same
F15,NF18,1,burned,unburned,Different,pinaleno,pinaleno,Same
F16,NF18,1,burned,unburned,Different,pinaleno,pinaleno,Same
F17,NF18,1,burned,unburned,Different,pinaleno,pinaleno,Same
F18,NF18,0.98615917,burned,unburned,Different,pinaleno,pinaleno,Same
F19,NF18,1,burned,unburned,Different,pinaleno,pinaleno,Same
F20,NF18,0.964679912,burned,unburned,Different,pinaleno,pinaleno,Same
LB019,NF18,1,unburned,unburned,Same,santa.catalina,pinaleno,Different
LB020,NF18,1,unburned,unburned,Same,santa.catalina,pinaleno,Different
LB021,NF18,1,unburned,unburned,Same,santa.catalina,pinaleno,Different
LB023,NF18,1,unburned,unburned,Same,santa.catalina,pinaleno,Different
LB024,NF18,0.978902954,unburned,unburned,Same,santa.catalina,pinaleno,Different
LB055,NF18,1,unburned,unburned,Same,santa.catalina,pinaleno,Different
LB056,NF18,0.948453608,unburned,unburned,Same,santa.catalina,pinaleno,Different
LB057,NF18,1,unburned,unburned,Same,santa.catalina,pinaleno,Different
LB058,NF18,0.981949458,unburned,unburned,Same,santa.catalina,pinaleno,Different
LB059,NF18,1,unburned,unburned,Same,santa.catalina,pinaleno,Different
LB060,NF18,1,unburned,unburned,Same,santa.catalina,pinaleno,Different
F1,NF18,0.996138996,burned,unburned,Different,santa.catalina,pinaleno,Different
F2,NF18,0.996835443,burned,unburned,Different,santa.catalina,pinaleno,Different
F3,NF18,1,burned,unburned,Different,santa.catalina,pinaleno,Different
F4,NF18,1,burned,unburned,Different,santa.catalina,pinaleno,Different
F5,NF18,1,burned,unburned,Different,santa.catalina,pinaleno,Different
F10,NF18,1,burned,unburned,Different,santa.catalina,pinaleno,Different
F6,NF18,1,burned,unburned,Different,santa.catalina,pinaleno,Different
F7,NF18,0.98714653,burned,unburned,Different,santa.catalina,pinaleno,Different
F8,NF18,1,burned,unburned,Different,santa.catalina,pinaleno,Different
F9,NF18,1,burned,unburned,Different,santa.catalina,pinaleno,Different
NF20,NF20,0,unburned,unburned,Same,pinaleno,pinaleno,Same
F11,NF20,1,burned,unburned,Different,pinaleno,pinaleno,Same
F12,NF20,1,burned,unburned,Different,pinaleno,pinaleno,Same
F13,NF20,0.978365385,burned,unburned,Different,pinaleno,pinaleno,Same
F14,NF20,0.979746835,burned,unburned,Different,pinaleno,pinaleno,Same
F15,NF20,1,burned,unburned,Different,pinaleno,pinaleno,Same
F16,NF20,1,burned,unburned,Different,pinaleno,pinaleno,Same
F17,NF20,0.97640118,burned,unburned,Different,pinaleno,pinaleno,Same
F18,NF20,1,burned,unburned,Different,pinaleno,pinaleno,Same
F19,NF20,1,burned,unburned,Different,pinaleno,pinaleno,Same
F20,NF20,1,burned,unburned,Different,pinaleno,pinaleno,Same
LB019,NF20,1,unburned,unburned,Same,santa.catalina,pinaleno,Different
LB020,NF20,1,unburned,unburned,Same,santa.catalina,pinaleno,Different
LB021,NF20,1,unburned,unburned,Same,santa.catalina,pinaleno,Different
LB023,NF20,0.945080092,unburned,unburned,Same,santa.catalina,pinaleno,Different
LB024,NF20,0.977924945,unburned,unburned,Same,santa.catalina,pinaleno,Different
LB055,NF20,0.845991561,unburned,unburned,Same,santa.catalina,pinaleno,Different
LB056,NF20,1,unburned,unburned,Same,santa.catalina,pinaleno,Different
LB057,NF20,1,unburned,unburned,Same,santa.catalina,pinaleno,Different
LB058,NF20,0.920600858,unburned,unburned,Same,santa.catalina,pinaleno,Different
LB059,NF20,0.91257485,unburned,unburned,Same,santa.catalina,pinaleno,Different
LB060,NF20,0.882447665,unburned,unburned,Same,santa.catalina,pinaleno,Different
F1,NF20,0.997916667,burned,unburned,Different,santa.catalina,pinaleno,Different
F2,NF20,0.998137803,burned,unburned,Different,santa.catalina,pinaleno,Different
F3,NF20,0.949919225,burned,unburned,Different,santa.catalina,pinaleno,Different
F4,NF20,1,burned,unburned,Different,santa.catalina,pinaleno,Different
F5,NF20,0.91827957,burned,unburned,Different,santa.catalina,pinaleno,Different
F10,NF20,1,burned,unburned,Different,santa.catalina,pinaleno,Different
F6,NF20,1,burned,unburned,Different,santa.catalina,pinaleno,Different
F7,NF20,0.976705491,burned,unburned,Different,santa.catalina,pinaleno,Different
F8,NF20,1,burned,unburned,Different,santa.catalina,pinaleno,Different
F9,NF20,1,burned,unburned,Different,santa.catalina,pinaleno,Different
F11,F11,0,burned,burned,Same,pinaleno,pinaleno,Same
F12,F11,0.986754967,burned,burned,Same,pinaleno,pinaleno,Same
F13,F11,0.989528796,burned,burned,Same,pinaleno,pinaleno,Same
F14,F11,0.98816568,burned,burned,Same,pinaleno,pinaleno,Same
F15,F11,0.994285714,burned,burned,Same,pinaleno,pinaleno,Same
F16,F11,0.994680851,burned,burned,Same,pinaleno,pinaleno,Same
F17,F11,0.982300885,burned,burned,Same,pinaleno,pinaleno,Same
F18,F11,0.992857143,burned,burned,Same,pinaleno,pinaleno,Same
F19,F11,1,burned,burned,Same,pinaleno,pinaleno,Same
F20,F11,0.9543379,burned,burned,Same,pinaleno,pinaleno,Same
LB019,F11,0.986206897,unburned,burned,Different,santa.catalina,pinaleno,Different
LB020,F11,0.993311037,unburned,burned,Different,santa.catalina,pinaleno,Different
LB021,F11,0.986577181,unburned,burned,Different,santa.catalina,pinaleno,Different
LB023,F11,1,unburned,burned,Different,santa.catalina,pinaleno,Different
LB024,F11,0.991266376,unburned,burned,Different,santa.catalina,pinaleno,Different
LB055,F11,0.993610224,unburned,burned,Different,santa.catalina,pinaleno,Different
LB056,F11,1,unburned,burned,Different,santa.catalina,pinaleno,Different
LB057,F11,0.992647059,unburned,burned,Different,santa.catalina,pinaleno,Different
LB058,F11,0.985018727,unburned,burned,Different,santa.catalina,pinaleno,Different
LB059,F11,0.997032641,unburned,burned,Different,santa.catalina,pinaleno,Different
LB060,F11,0.995652174,unburned,burned,Different,santa.catalina,pinaleno,Different
F1,F11,0.991902834,burned,burned,Same,santa.catalina,pinaleno,Different
F2,F11,0.993421053,burned,burned,Same,santa.catalina,pinaleno,Different
F3,F11,0.995192308,burned,burned,Same,santa.catalina,pinaleno,Different
F4,F11,0.990909091,burned,burned,Same,santa.catalina,pinaleno,Different
F5,F11,0.992565056,burned,burned,Same,santa.catalina,pinaleno,Different
F10,F11,0.990740741,burned,burned,Same,santa.catalina,pinaleno,Different
F6,F11,0.992857143,burned,burned,Same,santa.catalina,pinaleno,Different
F7,F11,0.994750656,burned,burned,Same,santa.catalina,pinaleno,Different
F8,F11,0.989361702,burned,burned,Same,santa.catalina,pinaleno,Different
F9,F11,0.983193277,burned,burned,Same,santa.catalina,pinaleno,Different
F12,F12,0,burned,burned,Same,pinaleno,pinaleno,Same
F13,F12,0.9375,burned,burned,Same,pinaleno,pinaleno,Same
F14,F12,0.97752809,burned,burned,Same,pinaleno,pinaleno,Same
F15,F12,0.947826087,burned,burned,Same,pinaleno,pinaleno,Same
F16,F12,0.973614776,burned,burned,Same,pinaleno,pinaleno,Same
F17,F12,0.967213115,burned,burned,Same,pinaleno,pinaleno,Same
F18,F12,0.98615917,burned,burned,Same,pinaleno,pinaleno,Same
F19,F12,0.965838509,burned,burned,Same,pinaleno,pinaleno,Same
F20,F12,0.957777778,burned,burned,Same,pinaleno,pinaleno,Same
LB019,F12,0.987179487,unburned,burned,Different,santa.catalina,pinaleno,Different
LB020,F12,0.987012987,unburned,burned,Different,santa.catalina,pinaleno,Different
LB021,F12,0.974683544,unburned,burned,Different,santa.catalina,pinaleno,Different
LB023,F12,1,unburned,burned,Different,santa.catalina,pinaleno,Different
LB024,F12,0.983193277,unburned,burned,Different,santa.catalina,pinaleno,Different
LB055,F12,0.98757764,unburned,burned,Different,santa.catalina,pinaleno,Different
LB056,F12,1,unburned,burned,Different,santa.catalina,pinaleno,Different
LB057,F12,0.944444444,unburned,burned,Different,santa.catalina,pinaleno,Different
LB058,F12,0.947761194,unburned,burned,Different,santa.catalina,pinaleno,Different
LB059,F12,0.994143485,unburned,burned,Different,santa.catalina,pinaleno,Different
LB060,F12,0.987152034,unburned,burned,Different,santa.catalina,pinaleno,Different
F1,F12,0.984375,burned,burned,Same,santa.catalina,pinaleno,Different
F2,F12,0.987220447,burned,burned,Same,santa.catalina,pinaleno,Different
F3,F12,0.990588235,burned,burned,Same,santa.catalina,pinaleno,Different
F4,F12,0.969026549,burned,burned,Same,santa.catalina,pinaleno,Different
F5,F12,0.985611511,burned,burned,Same,santa.catalina,pinaleno,Different
F10,F12,0.982222222,burned,burned,Same,santa.catalina,pinaleno,Different
F6,F12,0.98615917,burned,burned,Same,santa.catalina,pinaleno,Different
F7,F12,0.98974359,burned,burned,Same,santa.catalina,pinaleno,Different
F8,F12,0.979695431,burned,burned,Same,santa.catalina,pinaleno,Different
F9,F12,0.96875,burned,burned,Same,santa.catalina,pinaleno,Different
F13,F13,0,burned,burned,Same,pinaleno,pinaleno,Same
F14,F13,0.957746479,burned,burned,Same,pinaleno,pinaleno,Same
F15,F13,0.892857143,burned,burned,Same,pinaleno,pinaleno,Same
F16,F13,0.938118812,burned,burned,Same,pinaleno,pinaleno,Same
F17,F13,0.968944099,burned,burned,Same,pinaleno,pinaleno,Same
F18,F13,0.978527607,burned,burned,Same,pinaleno,pinaleno,Same
F19,F13,0.980874317,burned,burned,Same,pinaleno,pinaleno,Same
F20,F13,0.977911647,burned,burned,Same,pinaleno,pinaleno,Same
LB019,F13,0.989795918,unburned,burned,Different,santa.catalina,pinaleno,Different
LB020,F13,0.991404011,unburned,burned,Different,santa.catalina,pinaleno,Different
LB021,F13,0.984924623,unburned,burned,Different,santa.catalina,pinaleno,Different
LB023,F13,0.992805755,unburned,burned,Different,santa.catalina,pinaleno,Different
LB024,F13,0.989247312,unburned,burned,Different,santa.catalina,pinaleno,Different
LB055,F13,0.960227273,unburned,burned,Different,santa.catalina,pinaleno,Different
LB056,F13,1,unburned,burned,Different,santa.catalina,pinaleno,Different
LB057,F13,0.984375,unburned,burned,Different,santa.catalina,pinaleno,Different
LB058,F13,0.990595611,unburned,burned,Different,santa.catalina,pinaleno,Different
LB059,F13,0.995856354,unburned,burned,Different,santa.catalina,pinaleno,Different
LB060,F13,0.994117647,unburned,burned,Different,santa.catalina,pinaleno,Different
F1,F13,0.98989899,burned,burned,Same,santa.catalina,pinaleno,Different
F2,F13,0.991525424,burned,burned,Same,santa.catalina,pinaleno,Different
F3,F13,0.993562232,burned,burned,Same,santa.catalina,pinaleno,Different
F4,F13,0.988888889,burned,burned,Same,santa.catalina,pinaleno,Different
F5,F13,0.990595611,burned,burned,Same,santa.catalina,pinaleno,Different
F10,F13,0.988721805,burned,burned,Same,santa.catalina,pinaleno,Different
F6,F13,0.990909091,burned,burned,Same,santa.catalina,pinaleno,Different
F7,F13,0.966666667,burned,burned,Same,santa.catalina,pinaleno,Different
F8,F13,0.938325991,burned,burned,Same,santa.catalina,pinaleno,Different
F9,F13,0.982248521,burned,burned,Same,santa.catalina,pinaleno,Different
F14,F14,0,burned,burned,Same,pinaleno,pinaleno,Same
F15,F14,0.956164384,burned,burned,Same,pinaleno,pinaleno,Same
F16,F14,0.959079284,burned,burned,Same,pinaleno,pinaleno,Same
F17,F14,0.900763359,burned,burned,Same,pinaleno,pinaleno,Same
F18,F14,0.945762712,burned,burned,Same,pinaleno,pinaleno,Same
F19,F14,1,burned,burned,Same,pinaleno,pinaleno,Same
F20,F14,1,burned,burned,Same,pinaleno,pinaleno,Same
LB019,F14,0.988505747,unburned,burned,Different,santa.catalina,pinaleno,Different
LB020,F14,0.949044586,unburned,burned,Different,santa.catalina,pinaleno,Different
LB021,F14,0.977272727,unburned,burned,Different,santa.catalina,pinaleno,Different
LB023,F14,0.996108949,unburned,burned,Different,santa.catalina,pinaleno,Different
LB024,F14,0.93442623,unburned,burned,Different,santa.catalina,pinaleno,Different
LB055,F14,0.925,unburned,burned,Different,santa.catalina,pinaleno,Different
LB056,F14,1,unburned,burned,Different,santa.catalina,pinaleno,Different
LB057,F14,0.940559441,unburned,burned,Different,santa.catalina,pinaleno,Different
LB058,F14,0.98989899,unburned,burned,Different,santa.catalina,pinaleno,Different
LB059,F14,0.964757709,unburned,burned,Different,santa.catalina,pinaleno,Different
LB060,F14,0.948608137,unburned,burned,Different,santa.catalina,pinaleno,Different
F1,F14,0.938931298,burned,burned,Same,santa.catalina,pinaleno,Different
F2,F14,0.94984326,burned,burned,Same,santa.catalina,pinaleno,Different
F3,F14,0.967667436,burned,burned,Same,santa.catalina,pinaleno,Different
F4,F14,0.931914894,burned,burned,Same,santa.catalina,pinaleno,Different
F5,F14,0.913043478,burned,burned,Same,santa.catalina,pinaleno,Different
F10,F14,0.966527197,burned,burned,Same,santa.catalina,pinaleno,Different
F6,F14,0.963333333,burned,burned,Same,santa.catalina,pinaleno,Different
F7,F14,0.95959596,burned,burned,Same,santa.catalina,pinaleno,Different
F8,F14,0.947115385,burned,burned,Same,santa.catalina,pinaleno,Different
F9,F14,0.880597015,burned,burned,Same,santa.catalina,pinaleno,Different
F15,F15,0,burned,burned,Same,pinaleno,pinaleno,Same
F16,F15,0.930909091,burned,burned,Same,pinaleno,pinaleno,Same
F17,F15,0.987538941,burned,burned,Same,pinaleno,pinaleno,Same
F18,F15,0.948717949,burned,burned,Same,pinaleno,pinaleno,Same
F19,F15,1,burned,burned,Same,pinaleno,pinaleno,Same
F20,F15,0.996996997,burned,burned,Same,pinaleno,pinaleno,Same
LB019,F15,0.994366197,unburned,burned,Different,santa.catalina,pinaleno,Different
LB020,F15,0.967676768,unburned,burned,Different,santa.catalina,pinaleno,Different
LB021,F15,0.988795518,unburned,burned,Different,santa.catalina,pinaleno,Different
LB023,F15,1,unburned,burned,Different,santa.catalina,pinaleno,Different
LB024,F15,0.962352941,unburned,burned,Different,santa.catalina,pinaleno,Different
LB055,F15,0.96039604,unburned,burned,Different,santa.catalina,pinaleno,Different
LB056,F15,1,unburned,burned,Different,santa.catalina,pinaleno,Different
LB057,F15,0.965811966,unburned,burned,Different,santa.catalina,pinaleno,Different
LB058,F15,0.993723849,unburned,burned,Different,santa.catalina,pinaleno,Different
LB059,F15,0.976905312,unburned,burned,Different,santa.catalina,pinaleno,Different
LB060,F15,0.975609756,unburned,burned,Different,santa.catalina,pinaleno,Different
F1,F15,0.963882619,burned,burned,Same,santa.catalina,pinaleno,Different
F2,F15,0.968,burned,burned,Same,santa.catalina,pinaleno,Different
F3,F15,0.977198697,burned,burned,Same,santa.catalina,pinaleno,Different
F4,F15,0.961538462,burned,burned,Same,santa.catalina,pinaleno,Different
F5,F15,0.965591398,burned,burned,Same,santa.catalina,pinaleno,Different
F10,F15,0.980952381,burned,burned,Same,santa.catalina,pinaleno,Different
F6,F15,0.977130977,burned,burned,Same,santa.catalina,pinaleno,Different
F7,F15,0.972270364,burned,burned,Same,santa.catalina,pinaleno,Different
F8,F15,0.961038961,burned,burned,Same,santa.catalina,pinaleno,Different
F9,F15,0.949206349,burned,burned,Same,santa.catalina,pinaleno,Different
F16,F16,0,burned,burned,Same,pinaleno,pinaleno,Same
F17,F16,0.988472622,burned,burned,Same,pinaleno,pinaleno,Same
F18,F16,0.868995633,burned,burned,Same,pinaleno,pinaleno,Same
F19,F16,0.81779661,burned,burned,Same,pinaleno,pinaleno,Same
F20,F16,1,burned,burned,Same,pinaleno,pinaleno,Same
LB019,F16,0.994750656,unburned,burned,Different,santa.catalina,pinaleno,Different
LB020,F16,0.926,unburned,burned,Different,santa.catalina,pinaleno,Different
LB021,F16,0.989556136,unburned,burned,Different,santa.catalina,pinaleno,Different
LB023,F16,1,unburned,burned,Different,santa.catalina,pinaleno,Different
LB024,F16,0.957589286,unburned,burned,Different,santa.catalina,pinaleno,Different
LB055,F16,0.91321499,unburned,burned,Different,santa.catalina,pinaleno,Different
LB056,F16,1,unburned,burned,Different,santa.catalina,pinaleno,Different
LB057,F16,0.876651982,unburned,burned,Different,santa.catalina,pinaleno,Different
LB058,F16,0.981927711,unburned,burned,Different,santa.catalina,pinaleno,Different
LB059,F16,0.847029077,unburned,burned,Different,santa.catalina,pinaleno,Different
LB060,F16,0.866883117,unburned,burned,Different,santa.catalina,pinaleno,Different
F1,F16,0.822815534,burned,burned,Same,santa.catalina,pinaleno,Different
F2,F16,0.770975057,burned,burned,Same,santa.catalina,pinaleno,Different
F3,F16,0.978125,burned,burned,Same,santa.catalina,pinaleno,Different
F4,F16,0.929906542,burned,burned,Same,santa.catalina,pinaleno,Different
F5,F16,0.94813278,burned,burned,Same,santa.catalina,pinaleno,Different
F10,F16,0.98206278,burned,burned,Same,santa.catalina,pinaleno,Different
F6,F16,0.978303748,burned,burned,Same,santa.catalina,pinaleno,Different
F7,F16,0.921602787,burned,burned,Same,santa.catalina,pinaleno,Different
F8,F16,0.973493976,burned,burned,Same,santa.catalina,pinaleno,Different
F9,F16,0.95,burned,burned,Same,santa.catalina,pinaleno,Different
F17,F17,0,burned,burned,Same,pinaleno,pinaleno,Same
F18,F17,0.984063745,burned,burned,Same,pinaleno,pinaleno,Same
F19,F17,0.986254296,burned,burned,Same,pinaleno,pinaleno,Same
F20,F17,0.990632319,burned,burned,Same,pinaleno,pinaleno,Same
LB019,F17,0.983050847,unburned,burned,Different,santa.catalina,pinaleno,Different
LB020,F17,0.985185185,unburned,burned,Different,santa.catalina,pinaleno,Different
LB021,F17,0.966666667,unburned,burned,Different,santa.catalina,pinaleno,Different
LB023,F17,0.947916667,unburned,burned,Different,santa.catalina,pinaleno,Different
LB024,F17,0.959183673,unburned,burned,Different,santa.catalina,pinaleno,Different
LB055,F17,0.956521739,unburned,burned,Different,santa.catalina,pinaleno,Different
LB056,F17,1,unburned,burned,Different,santa.catalina,pinaleno,Different
LB057,F17,0.935344828,unburned,burned,Different,santa.catalina,pinaleno,Different
LB058,F17,0.987551867,unburned,burned,Different,santa.catalina,pinaleno,Different
LB059,F17,0.981161695,unburned,burned,Different,santa.catalina,pinaleno,Different
LB060,F17,0.971631206,unburned,burned,Different,santa.catalina,pinaleno,Different
F1,F17,0.981651376,burned,burned,Same,santa.catalina,pinaleno,Different
F2,F17,0.985454545,burned,burned,Same,santa.catalina,pinaleno,Different
F3,F17,0.989664083,burned,burned,Same,santa.catalina,pinaleno,Different
F4,F17,0.968253968,burned,burned,Same,santa.catalina,pinaleno,Different
F5,F17,0.948275862,burned,burned,Same,santa.catalina,pinaleno,Different
F10,F17,0.978609626,burned,burned,Same,santa.catalina,pinaleno,Different
F6,F17,0.984063745,burned,burned,Same,santa.catalina,pinaleno,Different
F7,F17,0.988636364,burned,burned,Same,santa.catalina,pinaleno,Different
F8,F17,0.974842767,burned,burned,Same,santa.catalina,pinaleno,Different
F9,F17,0.906976744,burned,burned,Same,santa.catalina,pinaleno,Different
F18,F18,0,burned,burned,Same,pinaleno,pinaleno,Same
F19,F18,1,burned,burned,Same,pinaleno,pinaleno,Same
F20,F18,1,burned,burned,Same,pinaleno,pinaleno,Same
LB019,F18,0.992982456,unburned,burned,Different,santa.catalina,pinaleno,Different
LB020,F18,0.891959799,unburned,burned,Different,santa.catalina,pinaleno,Different
LB021,F18,0.986062718,unburned,burned,Different,santa.catalina,pinaleno,Different
LB023,F18,1,unburned,burned,Different,santa.catalina,pinaleno,Different
LB024,F18,0.946022727,unburned,burned,Different,santa.catalina,pinaleno,Different
LB055,F18,0.818181818,unburned,burned,Different,santa.catalina,pinaleno,Different
LB056,F18,0.987841945,unburned,burned,Different,santa.catalina,pinaleno,Different
LB057,F18,0.92746114,unburned,burned,Different,santa.catalina,pinaleno,Different
LB058,F18,0.992647059,unburned,burned,Different,santa.catalina,pinaleno,Different
LB059,F18,0.812227074,unburned,burned,Different,santa.catalina,pinaleno,Different
LB060,F18,0.907441016,unburned,burned,Different,santa.catalina,pinaleno,Different
F1,F18,0.849112426,burned,burned,Same,santa.catalina,pinaleno,Different
F2,F18,0.870886076,burned,burned,Same,santa.catalina,pinaleno,Different
F3,F18,0.974264706,burned,burned,Same,santa.catalina,pinaleno,Different
F4,F18,0.912912913,burned,burned,Same,santa.catalina,pinaleno,Different
F5,F18,0.935233161,burned,burned,Same,santa.catalina,pinaleno,Different
F10,F18,0.977142857,burned,burned,Same,santa.catalina,pinaleno,Different
F6,F18,0.97323601,burned,burned,Same,santa.catalina,pinaleno,Different
F7,F18,0.905857741,burned,burned,Same,santa.catalina,pinaleno,Different
F8,F18,0.791208791,burned,burned,Same,santa.catalina,pinaleno,Different
F9,F18,0.930327869,burned,burned,Same,santa.catalina,pinaleno,Different
F19,F19,0,burned,burned,Same,pinaleno,pinaleno,Same
F20,F19,0.880701754,burned,burned,Same,pinaleno,pinaleno,Same
LB019,F19,1,unburned,burned,Different,santa.catalina,pinaleno,Different
LB020,F19,1,unburned,burned,Different,santa.catalina,pinaleno,Different
LB021,F19,1,unburned,burned,Different,santa.catalina,pinaleno,Different
LB023,F19,1,unburned,burned,Different,santa.catalina,pinaleno,Different
LB024,F19,0.946153846,unburned,burned,Different,santa.catalina,pinaleno,Different
LB055,F19,1,unburned,burned,Different,santa.catalina,pinaleno,Different
LB056,F19,1,unburned,burned,Different,santa.catalina,pinaleno,Different
LB057,F19,0.9342723,unburned,burned,Different,santa.catalina,pinaleno,Different
LB058,F19,0.933806147,unburned,burned,Different,santa.catalina,pinaleno,Different
LB059,F19,0.899742931,unburned,burned,Different,santa.catalina,pinaleno,Different
LB060,F19,0.996875,unburned,burned,Different,santa.catalina,pinaleno,Different
F1,F19,0.96125908,burned,burned,Same,santa.catalina,pinaleno,Different
F2,F19,0.985386221,burned,burned,Same,santa.catalina,pinaleno,Different
F3,F19,1,burned,burned,Same,santa.catalina,pinaleno,Different
F4,F19,0.992481203,burned,burned,Same,santa.catalina,pinaleno,Different
F5,F19,1,burned,burned,Same,santa.catalina,pinaleno,Different
F10,F19,1,burned,burned,Same,santa.catalina,pinaleno,Different
F6,F19,1,burned,burned,Same,santa.catalina,pinaleno,Different
F7,F19,1,burned,burned,Same,santa.catalina,pinaleno,Different
F8,F19,1,burned,burned,Same,santa.catalina,pinaleno,Different
F9,F19,0.983108108,burned,burned,Same,santa.catalina,pinaleno,Different
F20,F20,0,burned,burned,Same,pinaleno,pinaleno,Same
LB019,F20,1,unburned,burned,Different,santa.catalina,pinaleno,Different
LB020,F20,1,unburned,burned,Different,santa.catalina,pinaleno,Different
LB021,F20,1,unburned,burned,Different,santa.catalina,pinaleno,Different
LB023,F20,1,unburned,burned,Different,santa.catalina,pinaleno,Different
LB024,F20,0.960076046,unburned,burned,Different,santa.catalina,pinaleno,Different
LB055,F20,0.948333333,unburned,burned,Different,santa.catalina,pinaleno,Different
LB056,F20,1,unburned,burned,Different,santa.catalina,pinaleno,Different
LB057,F20,1,unburned,burned,Different,santa.catalina,pinaleno,Different
LB058,F20,1,unburned,burned,Different,santa.catalina,pinaleno,Different
LB059,F20,1,unburned,burned,Different,santa.catalina,pinaleno,Different
LB060,F20,1,unburned,burned,Different,santa.catalina,pinaleno,Different
F1,F20,1,burned,burned,Same,santa.catalina,pinaleno,Different
F2,F20,1,burned,burned,Same,santa.catalina,pinaleno,Different
F3,F20,0.988980716,burned,burned,Same,santa.catalina,pinaleno,Different
F4,F20,0.957364341,burned,burned,Same,santa.catalina,pinaleno,Different
F5,F20,1,burned,burned,Same,santa.catalina,pinaleno,Different
F10,F20,1,burned,burned,Same,santa.catalina,pinaleno,Different
F6,F20,1,burned,burned,Same,santa.catalina,pinaleno,Different
F7,F20,0.955156951,burned,burned,Same,santa.catalina,pinaleno,Different
F8,F20,0.93697479,burned,burned,Same,santa.catalina,pinaleno,Different
F9,F20,0.988425926,burned,burned,Same,santa.catalina,pinaleno,Different
LB019,LB019,0,unburned,unburned,Same,santa.catalina,santa.catalina,Same
LB020,LB019,0.922535211,unburned,unburned,Same,santa.catalina,santa.catalina,Same
LB021,LB019,0.966887417,unburned,unburned,Same,santa.catalina,santa.catalina,Same
LB023,LB019,0.973684211,unburned,unburned,Same,santa.catalina,santa.catalina,Same
LB024,LB019,0.991452991,unburned,unburned,Same,santa.catalina,santa.catalina,Same
LB055,LB019,0.993710692,unburned,unburned,Same,santa.catalina,santa.catalina,Same
LB056,LB019,1,unburned,unburned,Same,santa.catalina,santa.catalina,Same
LB057,LB019,0.992779783,unburned,unburned,Same,santa.catalina,santa.catalina,Same
LB058,LB019,0.99270073,unburned,unburned,Same,santa.catalina,santa.catalina,Same
LB059,LB019,0.997054492,unburned,unburned,Same,santa.catalina,santa.catalina,Same
LB060,LB019,0.995698925,unburned,unburned,Same,santa.catalina,santa.catalina,Same
F1,LB019,0.992063492,burned,unburned,Different,santa.catalina,santa.catalina,Same
F2,LB019,0.983660131,burned,unburned,Different,santa.catalina,santa.catalina,Same
F3,LB019,0.995249406,burned,unburned,Different,santa.catalina,santa.catalina,Same
F4,LB019,0.991111111,burned,unburned,Different,santa.catalina,santa.catalina,Same
F5,LB019,0.981549815,burned,unburned,Different,santa.catalina,santa.catalina,Same
F10,LB019,0.990950226,burned,unburned,Different,santa.catalina,santa.catalina,Same
F6,LB019,0.992982456,burned,unburned,Different,santa.catalina,santa.catalina,Same
F7,LB019,0.994818653,burned,unburned,Different,santa.catalina,santa.catalina,Same
F8,LB019,0.989637306,burned,unburned,Different,santa.catalina,santa.catalina,Same
F9,LB019,0.983870968,burned,unburned,Different,santa.catalina,santa.catalina,Same
LB020,LB020,0,unburned,unburned,Same,santa.catalina,santa.catalina,Same
LB021,LB020,0.97689769,unburned,unburned,Same,santa.catalina,santa.catalina,Same
LB023,LB020,0.984293194,unburned,unburned,Same,santa.catalina,santa.catalina,Same
LB024,LB020,0.948787062,unburned,unburned,Same,santa.catalina,santa.catalina,Same
LB055,LB020,0.8,unburned,unburned,Same,santa.catalina,santa.catalina,Same
LB056,LB020,0.910216718,unburned,unburned,Same,santa.catalina,santa.catalina,Same
LB057,LB020,0.943902439,unburned,unburned,Same,santa.catalina,santa.catalina,Same
LB058,LB020,0.992974239,unburned,unburned,Same,santa.catalina,santa.catalina,Same
LB059,LB020,0.953634085,unburned,unburned,Same,santa.catalina,santa.catalina,Same
LB060,LB020,0.936643836,unburned,unburned,Same,santa.catalina,santa.catalina,Same
F1,LB020,0.900269542,burned,unburned,Different,santa.catalina,santa.catalina,Same
F2,LB020,0.913551402,burned,unburned,Different,santa.catalina,santa.catalina,Same
F3,LB020,0.975133215,burned,unburned,Different,santa.catalina,santa.catalina,Same
F4,LB020,0.923728814,burned,unburned,Different,santa.catalina,santa.catalina,Same
F5,LB020,0.802228412,burned,unburned,Different,santa.catalina,santa.catalina,Same
F10,LB020,0.946927374,burned,unburned,Different,santa.catalina,santa.catalina,Same
F6,LB020,0.974418605,burned,unburned,Different,santa.catalina,santa.catalina,Same
F7,LB020,0.926732673,burned,unburned,Different,santa.catalina,santa.catalina,Same
F8,LB020,0.967455621,burned,unburned,Different,santa.catalina,santa.catalina,Same
F9,LB020,0.875502008,burned,unburned,Different,santa.catalina,santa.catalina,Same
LB021,LB021,0,unburned,unburned,Same,santa.catalina,santa.catalina,Same
LB023,LB021,0.987234043,unburned,unburned,Same,santa.catalina,santa.catalina,Same
LB024,LB021,0.983050847,unburned,unburned,Same,santa.catalina,santa.catalina,Same
LB055,LB021,0.9875,unburned,unburned,Same,santa.catalina,santa.catalina,Same
LB056,LB021,1,unburned,unburned,Same,santa.catalina,santa.catalina,Same
LB057,LB021,0.985663082,unburned,unburned,Same,santa.catalina,santa.catalina,Same
LB058,LB021,0.989169675,unburned,unburned,Same,santa.catalina,santa.catalina,Same
LB059,LB021,0.994126285,unburned,unburned,Same,santa.catalina,santa.catalina,Same
LB060,LB021,0.99143469,unburned,unburned,Same,santa.catalina,santa.catalina,Same
F1,LB021,0.955465587,burned,unburned,Different,santa.catalina,santa.catalina,Same
F2,LB021,0.987138264,burned,unburned,Different,santa.catalina,santa.catalina,Same
F3,LB021,0.990543735,burned,unburned,Different,santa.catalina,santa.catalina,Same
F4,LB021,0.982378855,burned,unburned,Different,santa.catalina,santa.catalina,Same
F5,LB021,0.985507246,burned,unburned,Different,santa.catalina,santa.catalina,Same
F10,LB021,0.98206278,burned,unburned,Different,santa.catalina,santa.catalina,Same
F6,LB021,0.986062718,burned,unburned,Different,santa.catalina,santa.catalina,Same
F7,LB021,0.989690722,burned,unburned,Different,santa.catalina,santa.catalina,Same
F8,LB021,0.979487179,burned,unburned,Different,santa.catalina,santa.catalina,Same
F9,LB021,0.968253968,burned,unburned,Different,santa.catalina,santa.catalina,Same
LB023,LB023,0,unburned,unburned,Same,santa.catalina,santa.catalina,Same
LB024,LB023,1,unburned,unburned,Same,santa.catalina,santa.catalina,Same
LB055,LB023,1,unburned,unburned,Same,santa.catalina,santa.catalina,Same
LB056,LB023,1,unburned,unburned,Same,santa.catalina,santa.catalina,Same
LB057,LB023,0.971509972,unburned,unburned,Same,santa.catalina,santa.catalina,Same
LB058,LB023,0.977142857,unburned,unburned,Same,santa.catalina,santa.catalina,Same
LB059,LB023,0.981308411,unburned,unburned,Same,santa.catalina,santa.catalina,Same
LB060,LB023,1,unburned,unburned,Same,santa.catalina,santa.catalina,Same
F1,LB023,0.994011976,burned,unburned,Different,santa.catalina,santa.catalina,Same
F2,LB023,1,burned,unburned,Different,santa.catalina,santa.catalina,Same
F3,LB023,0.91862955,burned,unburned,Different,santa.catalina,santa.catalina,Same
F4,LB023,0.952542373,burned,unburned,Different,santa.catalina,santa.catalina,Same
F5,LB023,0.924924925,burned,unburned,Different,santa.catalina,santa.catalina,Same
F10,LB023,0.951890034,burned,unburned,Different,santa.catalina,santa.catalina,Same
F6,LB023,0.96056338,burned,unburned,Different,santa.catalina,santa.catalina,Same
F7,LB023,0.982683983,burned,unburned,Different,santa.catalina,santa.catalina,Same
F8,LB023,0.96641791,burned,unburned,Different,santa.catalina,santa.catalina,Same
F9,LB023,0.965174129,burned,unburned,Different,santa.catalina,santa.catalina,Same
LB024,LB024,0,unburned,unburned,Same,santa.catalina,santa.catalina,Same
LB055,LB024,0.950649351,unburned,unburned,Same,santa.catalina,santa.catalina,Same
LB056,LB024,0.876494024,unburned,unburned,Same,santa.catalina,santa.catalina,Same
LB057,LB024,0.944767442,unburned,unburned,Same,santa.catalina,santa.catalina,Same
LB058,LB024,0.962536023,unburned,unburned,Same,santa.catalina,santa.catalina,Same
LB059,LB024,0.974530831,unburned,unburned,Same,santa.catalina,santa.catalina,Same
LB060,LB024,0.964285714,unburned,unburned,Same,santa.catalina,santa.catalina,Same
F1,LB024,0.937106918,burned,unburned,Different,santa.catalina,santa.catalina,Same
F2,LB024,0.946666667,burned,unburned,Different,santa.catalina,santa.catalina,Same
F3,LB024,0.971602434,burned,unburned,Different,santa.catalina,santa.catalina,Same
F4,LB024,0.934931507,burned,unburned,Different,santa.catalina,santa.catalina,Same
F5,LB024,0.944281525,burned,unburned,Different,santa.catalina,santa.catalina,Same
F10,LB024,0.887681159,burned,unburned,Different,santa.catalina,santa.catalina,Same
F6,LB024,0.899109792,burned,unburned,Different,santa.catalina,santa.catalina,Same
F7,LB024,0.876190476,burned,unburned,Different,santa.catalina,santa.catalina,Same
F8,LB024,0.947169811,burned,unburned,Different,santa.catalina,santa.catalina,Same
F9,LB024,0.882978723,burned,unburned,Different,santa.catalina,santa.catalina,Same
LB055,LB055,0,unburned,unburned,Same,santa.catalina,santa.catalina,Same
LB056,LB055,1,unburned,unburned,Same,santa.catalina,santa.catalina,Same
LB057,LB055,0.925480769,unburned,unburned,Same,santa.catalina,santa.catalina,Same
LB058,LB055,0.993197279,unburned,unburned,Same,santa.catalina,santa.catalina,Same
LB059,LB055,0.797450425,unburned,unburned,Same,santa.catalina,santa.catalina,Same
LB060,LB055,0.781190019,unburned,unburned,Same,santa.catalina,santa.catalina,Same
F1,LB055,0.906735751,burned,unburned,Different,santa.catalina,santa.catalina,Same
F2,LB055,0.918735892,burned,unburned,Different,santa.catalina,santa.catalina,Same
F3,LB055,0.968586387,burned,unburned,Different,santa.catalina,santa.catalina,Same
F4,LB055,0.926630435,burned,unburned,Different,santa.catalina,santa.catalina,Same
F5,LB055,0.690265487,burned,unburned,Different,santa.catalina,santa.catalina,Same
F10,LB055,0.948924731,burned,unburned,Different,santa.catalina,santa.catalina,Same
F6,LB055,0.975225225,burned,unburned,Different,santa.catalina,santa.catalina,Same
F7,LB055,0.827004219,burned,unburned,Different,santa.catalina,santa.catalina,Same
F8,LB055,0.739583333,burned,unburned,Different,santa.catalina,santa.catalina,Same
F9,LB055,0.882129278,burned,unburned,Different,santa.catalina,santa.catalina,Same
LB056,LB056,0,unburned,unburned,Same,santa.catalina,santa.catalina,Same
LB057,LB056,1,unburned,unburned,Same,santa.catalina,santa.catalina,Same
LB058,LB056,1,unburned,unburned,Same,santa.catalina,santa.catalina,Same
LB059,LB056,1,unburned,unburned,Same,santa.catalina,santa.catalina,Same
LB060,LB056,1,unburned,unburned,Same,santa.catalina,santa.catalina,Same
F1,LB056,1,burned,unburned,Different,santa.catalina,santa.catalina,Same
F2,LB056,1,burned,unburned,Different,santa.catalina,santa.catalina,Same
F3,LB056,0.987041037,burned,unburned,Different,santa.catalina,santa.catalina,Same
F4,LB056,1,burned,unburned,Different,santa.catalina,santa.catalina,Same
F5,LB056,1,burned,unburned,Different,santa.catalina,santa.catalina,Same
F10,LB056,1,burned,unburned,Different,santa.catalina,santa.catalina,Same
F6,LB056,1,burned,unburned,Different,santa.catalina,santa.catalina,Same
F7,LB056,1,burned,unburned,Different,santa.catalina,santa.catalina,Same
F8,LB056,1,burned,unburned,Different,santa.catalina,santa.catalina,Same
F9,LB056,1,burned,unburned,Different,santa.catalina,santa.catalina,Same
LB057,LB057,0,unburned,unburned,Same,santa.catalina,santa.catalina,Same
LB058,LB057,0.880555556,unburned,unburned,Same,santa.catalina,santa.catalina,Same
LB059,LB057,0.970700637,unburned,unburned,Same,santa.catalina,santa.catalina,Same
LB060,LB057,0.956063269,unburned,unburned,Same,santa.catalina,santa.catalina,Same
F1,LB057,0.93575419,burned,unburned,Different,santa.catalina,santa.catalina,Same
F2,LB057,0.944578313,burned,unburned,Different,santa.catalina,santa.catalina,Same
F3,LB057,0.973880597,burned,unburned,Different,santa.catalina,santa.catalina,Same
F4,LB057,0.920731707,burned,unburned,Different,santa.catalina,santa.catalina,Same
F5,LB057,0.939473684,burned,unburned,Different,santa.catalina,santa.catalina,Same
F10,LB057,0.976608187,burned,unburned,Different,santa.catalina,santa.catalina,Same
F6,LB057,0.972704715,burned,unburned,Different,santa.catalina,santa.catalina,Same
F7,LB057,0.953252033,burned,unburned,Different,santa.catalina,santa.catalina,Same
F8,LB057,0.964630225,burned,unburned,Different,santa.catalina,santa.catalina,Same
F9,LB057,0.927966102,burned,unburned,Different,santa.catalina,santa.catalina,Same
LB058,LB058,0,unburned,unburned,Same,santa.catalina,santa.catalina,Same
LB059,LB058,0.996259352,unburned,unburned,Same,santa.catalina,santa.catalina,Same
LB060,LB058,0.991467577,unburned,unburned,Same,santa.catalina,santa.catalina,Same
F1,LB058,0.989304813,burned,unburned,Different,santa.catalina,santa.catalina,Same
F2,LB058,0.990719258,burned,unburned,Different,santa.catalina,santa.catalina,Same
F3,LB058,0.994485294,burned,unburned,Different,santa.catalina,santa.catalina,Same
F4,LB058,0.982608696,burned,unburned,Different,santa.catalina,santa.catalina,Same
F5,LB058,0.96373057,burned,unburned,Different,santa.catalina,santa.catalina,Same
F10,LB058,0.99127907,burned,unburned,Different,santa.catalina,santa.catalina,Same
F6,LB058,0.992647059,burned,unburned,Different,santa.catalina,santa.catalina,Same
F7,LB058,0.933333333,burned,unburned,Different,santa.catalina,santa.catalina,Same
F8,LB058,0.990506329,burned,unburned,Different,santa.catalina,santa.catalina,Same
F9,LB058,0.987854251,burned,unburned,Different,santa.catalina,santa.catalina,Same
LB059,LB059,0,unburned,unburned,Same,santa.catalina,santa.catalina,Same
LB060,LB059,0.798552473,unburned,unburned,Same,santa.catalina,santa.catalina,Same
F1,LB059,0.894067797,burned,unburned,Different,santa.catalina,santa.catalina,Same
F2,LB059,0.90482399,burned,unburned,Different,santa.catalina,santa.catalina,Same
F3,LB059,0.938684504,burned,unburned,Different,santa.catalina,santa.catalina,Same
F4,LB059,0.910662824,burned,unburned,Different,santa.catalina,santa.catalina,Same
F5,LB059,0.903269755,burned,unburned,Different,santa.catalina,santa.catalina,Same
F10,LB059,0.961325967,burned,unburned,Different,santa.catalina,santa.catalina,Same
F6,LB059,0.931937173,burned,unburned,Different,santa.catalina,santa.catalina,Same
F7,LB059,0.948394495,burned,unburned,Different,santa.catalina,santa.catalina,Same
F8,LB059,0.899696049,burned,unburned,Different,santa.catalina,santa.catalina,Same
F9,LB059,0.965244866,burned,unburned,Different,santa.catalina,santa.catalina,Same
LB060,LB060,0,unburned,unburned,Same,santa.catalina,santa.catalina,Same
F1,LB060,0.852822581,burned,unburned,Different,santa.catalina,santa.catalina,Same
F2,LB060,0.853479853,burned,unburned,Different,santa.catalina,santa.catalina,Same
F3,LB060,0.980662983,burned,unburned,Different,santa.catalina,santa.catalina,Same
F4,LB060,0.902834008,burned,unburned,Different,santa.catalina,santa.catalina,Same
F5,LB060,0.882797732,burned,unburned,Different,santa.catalina,santa.catalina,Same
F10,LB060,0.98490566,burned,unburned,Different,santa.catalina,santa.catalina,Same
F6,LB060,0.981387479,burned,unburned,Different,santa.catalina,santa.catalina,Same
F7,LB060,0.931610942,burned,unburned,Different,santa.catalina,santa.catalina,Same
F8,LB060,0.977955912,burned,unburned,Different,santa.catalina,santa.catalina,Same
F9,LB060,0.95990566,burned,unburned,Different,santa.catalina,santa.catalina,Same
F1,F1,0,burned,burned,Same,santa.catalina,santa.catalina,Same
F2,F1,0.744680851,burned,burned,Same,santa.catalina,santa.catalina,Same
F3,F1,0.968565815,burned,burned,Same,santa.catalina,santa.catalina,Same
F4,F1,0.903333333,burned,burned,Same,santa.catalina,santa.catalina,Same
F5,F1,0.923076923,burned,burned,Same,santa.catalina,santa.catalina,Same
F10,F1,0.961661342,burned,burned,Same,santa.catalina,santa.catalina,Same
F6,F1,0.95148248,burned,burned,Same,santa.catalina,santa.catalina,Same
F7,F1,0.896396396,burned,burned,Same,santa.catalina,santa.catalina,Same
F8,F1,0.954225352,burned,burned,Same,santa.catalina,santa.catalina,Same
F9,F1,0.91943128,burned,burned,Same,santa.catalina,santa.catalina,Same
F2,F2,0,burned,burned,Same,santa.catalina,santa.catalina,Same
F3,F2,0.975352113,burned,burned,Same,santa.catalina,santa.catalina,Same
F4,F2,0.924791086,burned,burned,Same,santa.catalina,santa.catalina,Same
F5,F2,0.925925926,burned,burned,Same,santa.catalina,santa.catalina,Same
F10,F2,0.978609626,burned,burned,Same,santa.catalina,santa.catalina,Same
F6,F2,0.974712644,burned,burned,Same,santa.catalina,santa.catalina,Same
F7,F2,0.908183633,burned,burned,Same,santa.catalina,santa.catalina,Same
F8,F2,0.967930029,burned,burned,Same,santa.catalina,santa.catalina,Same
F9,F2,0.936567164,burned,burned,Same,santa.catalina,santa.catalina,Same
F3,F3,0,burned,burned,Same,santa.catalina,santa.catalina,Same
F4,F3,0.890868597,burned,burned,Same,santa.catalina,santa.catalina,Same
F5,F3,0.954110899,burned,burned,Same,santa.catalina,santa.catalina,Same
F10,F3,0.92139738,burned,burned,Same,santa.catalina,santa.catalina,Same
F6,F3,0.789587852,burned,burned,Same,santa.catalina,santa.catalina,Same
F7,F3,0.978294574,burned,burned,Same,santa.catalina,santa.catalina,Same
F8,F3,0.955156951,burned,burned,Same,santa.catalina,santa.catalina,Same
F9,F3,0.94973545,burned,burned,Same,santa.catalina,santa.catalina,Same
F4,F4,0,burned,burned,Same,santa.catalina,santa.catalina,Same
F5,F4,0.892744479,burned,burned,Same,santa.catalina,santa.catalina,Same
F10,F4,0.908424908,burned,burned,Same,santa.catalina,santa.catalina,Same
F6,F4,0.85443038,burned,burned,Same,santa.catalina,santa.catalina,Same
F7,F4,0.938073394,burned,burned,Same,santa.catalina,santa.catalina,Same
F8,F4,0.92,burned,burned,Same,santa.catalina,santa.catalina,Same
F9,F4,0.877094972,burned,burned,Same,santa.catalina,santa.catalina,Same
F5,F5,0,burned,burned,Same,santa.catalina,santa.catalina,Same
F10,F5,0.912225705,burned,burned,Same,santa.catalina,santa.catalina,Same
F6,F5,0.948849105,burned,burned,Same,santa.catalina,santa.catalina,Same
F7,F5,0.924369748,burned,burned,Same,santa.catalina,santa.catalina,Same
F8,F5,0.933110368,burned,burned,Same,santa.catalina,santa.catalina,Same
F9,F5,0.80952381,burned,burned,Same,santa.catalina,santa.catalina,Same
F10,F10,0,burned,burned,Same,santa.catalina,santa.catalina,Same
F6,F10,0.62835249,burned,burned,Same,santa.catalina,santa.catalina,Same
F7,F10,0.699716714,burned,burned,Same,santa.catalina,santa.catalina,Same
F8,F10,0.918699187,burned,burned,Same,santa.catalina,santa.catalina,Same
F9,F10,0.893258427,burned,burned,Same,santa.catalina,santa.catalina,Same
F6,F6,0,burned,burned,Same,santa.catalina,santa.catalina,Same
F7,F6,0.789351852,burned,burned,Same,santa.catalina,santa.catalina,Same
F8,F6,0.925081433,burned,burned,Same,santa.catalina,santa.catalina,Same
F9,F6,0.934693878,burned,burned,Same,santa.catalina,santa.catalina,Same
F7,F7,0,burned,burned,Same,santa.catalina,santa.catalina,Same
F8,F7,0.871727749,burned,burned,Same,santa.catalina,santa.catalina,Same
F9,F7,0.950724638,burned,burned,Same,santa.catalina,santa.catalina,Same
F8,F8,0,burned,burned,Same,santa.catalina,santa.catalina,Same
F9,F8,0.930379747,burned,burned,Same,santa.catalina,santa.catalina,Same
F9,F9,0,burned,burned,Same,santa.catalina,santa.catalina,Same