sequencing_number,tree_number,site,elevation,microsite,sequence,taxonomy_class,taxonomy_order,taxonomy_genus,taxonomy_epithet,original_sample_number,physical.description,abundance,comments,notes
PM211A,LB021,Parking pullout South of Rose Canyon,2170,Downhill,CGTAGGTGAACCTGCGGAAGGATCATTACAGAAAGTAAACGCGGATCAAACCGCGAACTTCTAAACCTTTGACGATCGACTCATGTTGCCTCGGCGGGTGCTCCCGCCAAAGGATACATCAAAACTCATGTTTTAACGGTGTTGTCTGAGCTACAAGCAACGAATCAAAACTTTCAACAACGGATCTCTTGGTTCTGGCATCGATGAAGAACGCAGCGAAATGCGATAAGTAGTGTGAATTGCAGAATTCAGTGAATCATCGAATCTTTGAACGCACATTGCGCCCCTTGGTATCCCGAGGGGCATGCCTGTTCGAGCGTCATTTCACCACTCAAGCCTGGCTTGGTGTTGGGCGACGTCCCCTTTGGGGACGCGCTTCGAAACGCTCGGCGGCGTGGCATCGGCTTTAAGCGTAGCAGAATCTTTCGCTTTGAAAGTCGGGGCCCCGTCTGCCGGAAGACCTACTCGCAAGGT,Dothideomycetes,Pleosporomycetidae incertae sedis,Cenococcum,geophilum,LB021.1A,lack fuzzy with black hyphae,4,,
PM191B,LB019,Parking pullout South of Rose Canyon,2170,Downhill,TGCGGAAGGATCATTACAGAAAGTAAACGCGGATCAAACCGCGAACTTCTAAACCTTTGACGATCGACTCATGTTGCCTCGGCGGGTGCTCCCGCCAAAGGATACATCAAAACTCATGTTTTAACGGTGTTGTCTGAGCTACAAGCAACGAATCAAAACTTTCAACAACGGATCTCTTGGTTCTGGCATCGATGAAGAACGCAGCGAAATGCGATAAGTAGTGTGAATTGCAGAATTCAGTGAATCATCGAATCTTTGAACGCACATTGCGCCCCTTGGTATCCCGAGGGGCATGCCTGTTCGAGCGTCATTTCACCACTCAAGCCTGGCTTGGTGTTGGGCGACGTCCCCTTTGGGGACGCGCTTCGAAACGCTCGGCGGCGTGGCATCGGCTTTAAGCGTAGCAGAATCTTTCGCTTTGAAAGTCGGGGCCCCGTCTGCCGGAAGACCTACTCGCAAGGTTGACCTCG,Dothideomycetes,Pleosporomycetidae incertae sedis,Cenococcum,geophilum,LB019.1B,black fuzzy with black hyphae,1,,
PM242D,LB024,Parking pullout South of Rose Canyon,2170,Parallel,TGCGGAAGGATCATTACAGAAAGTAAACGCGGATCAAACCGCGAACTTCTAAACCTTTGACGATCGACTCATGTTGCCTCGGCGGGTGCTCCCGCCAGAGGATACATCAAAACTCATGTTTTAACGGTGTTGTCTGAGCTACAAGCAACGAATCAAAACTTTCAACAACGGATCTCTTGGTTCTGGCATCGATGAAGAACGCAGCGAAATGCGATAAGTAGTGTGAATTGCAGAATTCAGTGAATCATCGAATCTTTGAACGCACATTGCGCCCCTTGGTATCCCGAGGGGCATGCCTGTTCGAGCGTCATTTCACCACTCAAGCCTGGCTTGGTGTTGGGCGACGTCCCCTTTGGGGACGCGCTTCGAAACGCTCGGCGGCGTGGCATCGGCTTTAAGCGTAGCAGAATCTTTCGCTTTGAAAGTCGGGGCCCCGTCTGCCGGAAGACCTACTCGCAAGGT,Dothideomycetes,Pleosporomycetidae incertae sedis,Cenococcum,geophilum,LB024.2D,fuzzy black with black hyphae,19,,
PM202B,LB020,Parking pullout South of Rose Canyon,2170,Parallel,TGATTCCTTCCGCAGTGTACGCTTGTAGAAGCCTTTGCAGCCACGCAAGTGGTAGATCCAAGCGACTTTAAATAATTTCAGGGTCGCTATGCAAGTCGGCCCACGCATGTGGTGCCGGCGACACTTTCGAATTGACGGGGACACCCTAAAGCCTGTCGCACCAACTCTGTGTGGGAAACCGCCTGAGGGCCCGTGCTAACTACACGGGGTGGTAACAGACGACATGGATACTTACACGCCTTTGGTGTGGATACTATGGGCAATCCGCAGCGAAGCCTCTAAGTCCAGCCGCCGGATATGAGGAACGTTCACAGACTAAGTGGAAGTGGGTGGAGCGTTTGCCGCTCTGCTTAAGATATAGTCGGTCCCCTTAGGAAACTAAGGGGGTGAGTACACTGCTTGAAATTTAAACATGAACGTGCGTAATTATAATCCACATCTACAATGGCATCTCATCCCACAAGCCCGGCATGCAAGTGCACCTCTTATGCGAGTGCACAATAGCACAGGCAGCATTGATTGATTGTTTATTTACGCTAGCGGCGCACCTTCCCTAAATCTTCAGAGTTAAGGAAGGTGCGCTCCTCTCTCCGCGGTCTCAGAGAGCGCTCATGTTAGAATTTCGAGACTGTTAATTGCCTCACGGCTTGACAGCTCTCAAAAACGTTCCGTAGGTGAACCTGCGGAAGGATCATTACAGAAAGTAAACGCGGATCAAACCGCGAATTTCTAAACCTTTGACGATTGACTCATGTTGCCTCGGCGGGTTCTCCCGCCAGAGGATACATCAAAACTCCTGTTTTAACGGTGTTGTCTGAGCTGCAAGCAACGAATCAAAACTTTCAACAACGGATCTCTTGGTTCTGGCATCGATGAAGAACGCAGCGAAATGCGATAAGTAGTGTGAATTGCAGAATTCAGTGAATCATCGAATCTTTGAACGCACATTGCGCCCCTTGGTATCCCGAGGGGCATGCCTGTTCGAGCGTCATTTCACCACTCAAGCCCGGCTTGGTGTTGGGCGACGTCTCCTTTAGGGACGCGCCTCGAAACGCTCGGCGGCGTGGCACCGGCTTTAAGCGTAGCAGAATCTTTCGCTTTGAAAGTCGGGGCCTCGTCTGCCGGAAGACCTAC,Dothideomycetes,Pleosporomycetidae incertae sedis,Cenococcum,geophilum,LB020.2B,black fuzzy with black hyphae,5,,
PM192C,LB019,Parking pullout South of Rose Canyon,2170,Parallel,ATGATTCCTTCCGCAGTGTACGCTTGTAGAAGCCTTTGCAGCCACGCAAGTGGTAGATCCAAGCGACTTTAAATAATTTCAGGGTCGCTATGCAAGTCGGCCCACGCATGTGGTGCCGGCGACACTTTCGAATTGACGGGGACACCCTAAAGCCTGTCGCACCAACTCTGTGTGGGAAACCGCCTGAGGGCCCGTGCTAACTACACGGGGTGGTAACAGACGACATGGATACTTACACGCCTTTGGTGTGGATACTATGGGCAATCCGCAGCGAAGCCTCTAAGTCCAGCCGCCGGATATGAGGAACGTTCACAGACTAAGTGGAAGTGGGTGGAGCGTTTGCCGCTCTGCTTAAGATATAGTCGGTCCCCTTAGGAAACTAAGGGGGTGAGTACACTGCTTGAAATTTAAACATGAACGTGCGTAATTATAATCCACATCTACAATGGCATCTCATCCCACAAGCCCGGCATGCAAGTGCACCTCTTATGCGAGTGCACAATAGCACAGGCAGCATTGATTGATTGTTTATTTACGCTAGCGGCGCACCTTCCCTAAATCTTCAGAGTTAAGGAAGGTGCGCTCCTCTCTCCGCGGTCTCAGAGAGCGCTCATGTTAGAATTTCGAGACTGTTAATTGCCTCACGGCTTGACAGCTCTCAAAAACGTTCCGTAGGTGAACCTGCGGAAGGATCATTACAGAAAGTAAACGCGGATCAAACCGCGAATTTCTAAACCTTTGACGATTGACTCATGTTGCCTCGGCGGGTTCTCCCGCCAGAGGATACATCAAAACTCCTGTTTTAACGGTGTTGTCTGAGCTGCAAGCAACGAATCAAAACTTTCAACAACGGATCTCTTGGTTCTGGCATCGATGAAGAACGCAGCGAAATGCGATAAGTAGTGTGAATTGCAGAATTCAGTGAATCATCGAATCTTTGAACGCACATTGCGCCCCTTGGTATCCCGAGGGGCATGCCTGTTCGAGCGTCATTTCACCACTCAAGCCCGGCTTGGTGTTGGGCGACGTCTCCTTTAGGGACGCGCCTCGAAACGCTCGGCGGCGTGGCACCGGCTTTAAGCGTAGCAGAATCTTTCGCTTTGAAAGTCGGGGCCTCGTCTGCCGGAAGACCTACTCGCAAG,Dothideomycetes,Pleosporomycetidae incertae sedis,Cenococcum,geophilum,LB019.2C,black fuzzy with black hyphae,1,,
PM203E,LB020,Parking pullout South of Rose Canyon,2170,Uphill,GATTCCTTCCGCAGTGTACACTTGTAGAAGCCTTTGCAGCCACGCAAGTGGTAGATCTAGGCGACTTTAAATAATCCTAGGATCGCTATGCAAGTCGGTCCACGCATGTGGTGCCGGCGACACTTTCGAATTGACGGGGATACCCTAAAGCCTGTCGCACCAACTCTGTGTGGGAAACCGCTGGAGGGCCCGTGCTAACTACACGGGGTGGTAACAGACGACATGGATACCTCCACGCCTTTGGTGTGGATACTATGGGCAATCCGCAGCGAAGCCCCTAAGTCCGGCCGCCGGATATGGGGAACGTTCACAGACTAAGTGGAAGTGGGTGGAGCGTTCGCCGCTCTGCTTAAGATATAGTCGGGCCCCTTAGGAAACTAAGGGGGTGAGTACACTGCTCGAAATTTAAACTTGAACGTGTCTCGGATAGCGCTCATGTTAGAATTTCGAGACTGTCGACTGCCTCGCGGTTTGACAGCTCTTAAAACGTTCCGTAGGTGAACCTGCGGAAGGATCATTACAGAAAGTAAACGCGGATCAAACCGCGAACTTCTAAACCTTTGACGATTGACTCATGTTGCCTCGGCGGGTTCTCCCGCCAGAGGATACATTAAAACTCCTGTTTTAACGGTGTTGTCTGAGCTACAAGCAACGAATCAAAACTTTCAACAACGGATCTCTTGGTTCTGGCATCGATGAAGAACGCAGCGAAATGCGATAAGTAGTGTGAATTGCAGAATTCAGTGAATCATCGAATCTTTGAACGCACATTGCGCCCCTTGGTATCCCGAGGGGCATGCCTGTTCGAGCGTCATTTCACCACTCAAGCCTGGCTTGGTGTTGGGCGACGTCCCCTTTAGGGACACGCCTCGAAACGCTCGGCGGCGTGGCACCGGCTTTAAGCGTAGCAGAATCTTTCGCTTTGAAAGTCGGGGCCCCGTCTGCCGGAAGACCTACTCGCAAG,Dothideomycetes,Pleosporomycetidae incertae sedis,Cenococcum,geophilum,LB020.3E,black fuzzy with black hyphae,32,,
PM243A,LB024,Parking pullout South of Rose Canyon,2170,Uphill,GAGGCGACTATAAACAAGTCCCAGTGCAAGTCAGCGCCGCTGGCAACACAATCGAATTGCGGGGACGCTTTAAAGCTCAGTGGTACCAACCCTCCGGATGCCGGAGGGGGCGGGCAATGCCCGAGGTCAGAACCCACCGAGATGTACAATAAGCAATCCGCAGCGGTCCGTCTGGACCGTCCACAGACTAAGTGGTTGTGGGGAGCCCAGCTCCTTAAGATATAGTCGGGCCCGGTGAGCAGTCACCGGGGGTTCTGCGTCCGTAGGTGAACCTGCGGAAGGATCATTACAAGTGAGGCTACTGAACGTTGGAAACAACGGTCGGGAGCTTACACCCACCCGTGTTTACATACTATTGTTGCTTTGGCGGGCCGTGGCCTCCACTGCGGGCTTTGCTCGTGTGTGCCCGCCAGAGAACCAAACTCTGAATGTTAGTGATGTCTGAGTACTATCTAATAGTTAAAACTTTCAACAACGGATCTCTTGGTTCTGGCATCGATGAAGAACGCAGCGAAATGCGATAAGTAATGTGAATTGCAGAATTCAGTGAATCATCGAATCTTTGAACGCACATTGCGCCCTGTGGTATTCCGCAGGGCATGCCTGTTCGAGCGTCATTTAACCACTCACGCCTAGCGTGGTATTGGGGCACGCGGTCTCCGCGGCCCTCAAAGTTAGTGGCGGCGCCGGTGGGCTCTAAGCGTAGTA,Leotiomycetes,Helotiales,Phialocephala,fortinii,LB024.3A,brown tan with brownish hyphae,10,DSE,Jumpponen et al. 1998
PM203A,LB020,Parking pullout South of Rose Canyon,2170,Uphill,CTGCGGAAGGATCATTATTGTAACAATGGGGGTGCAAGGGTTGTCGCTGACCTTCAAAGGTTGTGCACGCCTGAGCATCCTCACACATCCATCTCACCCCTTTGTGCATCACCGCGTGGGTCTCCTTTTCACAAAGGAGCTCACGTTTTCACACAAAACTTGATACAGTGTAGAATGTTATCTTTGCGGTCACACGCAATCAATACAACTTTCAACAACGGATCTCTTGGCTCTCGCATCGATGAAGAACGCAGCGAAATGCGATACGTAATGTGAATTGCAGAATTCAGTGAATCATCGAATCTTTGAACGCACCTTGCGCCCCTTGGCATTCCGAGGGGCACACCCGTTTGAGTGTCGTGAAACCCTCAAAGATCCTTTTTGGACTTACTGAAAAGGATTTTTGGACTTGGAGGTTTAATGCTTGCCTTTCACCTTTGAAAGTGAGCTCCTCTCAAATGAATTAGTGGGGTCTGCTTTGCTCGATCCTTGACGTGATAAGATGTTTCTACGTTTTGGATTTTGGCACTGTTCCTTGGACGCCTGCTTCTAACTGTCTCACAGACAATGGATGGTGATCCGGTCTCCACCGCCTAACGTCGGTGGGAGGCTGGACCCACGAATGAAAACCT,Agaricomycetes,Russulales,Russula,,LB020.3A,"tan with darker hyphae as bands along mantle, highly branching",124,,
PM202E,LB020,Parking pullout South of Rose Canyon,2170,Parallel,ATTATTGTAACAATGGGGGTGCAAGGGTTGTCGCTGACCTTCAAAGGTTGTGCACGCCTGAGCATCCTCACACATCCATCTCACCCCTTTGTGCATCACCGCGTGGGTCTCCTTTTCACAAAGGAGCTCACGTTTTCACACAAAACTTGATACAGTGTAGAATGTTATCTTTGCGGTCACACGCAATCAATACAACTTTCAACAACGGATCTCTTGGCTCTCGCATCGATGAAGAACGCAGCGAAATGCGATACGTAATGTGAATTGCAGAATTCAGTGAATCATCGAATCTTTGAACGCACCTTGCGCCCCTTGGCATTCCGAGGGGCACACCCGTTTGAGTGTCGTGAAACCCTCAAAGATCCTTTTTGGACTTACTGAAAAGGATTTTTGGACTTGGAGGTTTAATGCTTGCCTTTCACCTTTGAAAGTGAGCTCCTCTCAAATGAATTAGTGGGGTCTGCTTTGCTCGATCCTTGACGTGATAAGATGTTTCTACGTTTTGGATTT,Agaricomycetes,Russulales,Russula,,LB020.2E,tan with white pearly sheen singular,11,,
PM202D,LB020,Parking pullout South of Rose Canyon,2170,Parallel,TCACCCCTTTGTGCATCACCGCGTGGGTCTCCTTTTCACAAAAGAGCTCACGTTTTCACACAAAACTTGATACAGTGTAGAATGTTATCTTTGCGGTCACACGCAATCAATACAACTTTCAACAACGGATCTCTTGGCTCTCGCATCGATGAAGAACGCAGCGAAATGCGATACGTAATGTGAATTGCAGAATTCAATGAATCATCGAATCTTTGAACGCACCTTGCGCCCCTTGGCATTCCGAGGGGCACACCCGTTTGAGTGTCGTGAAACCCTCAAAGATCCTTTTTGGACTTACTGAAAAGGATTTTTGGACTTGGAGGTTTAATGCTTGCCTTTCACCTTTGAAAGTGAGCTCCTCTCAAATGAATTAGTGGGGTCTGCTTTGCTCGATCCTTGACGTGATAAGATGTTTCTACGTTTTGGATT,Agaricomycetes,Russulales,Russula,,LB020.2D,brown with light tip white poss. secondary colonization,3,,
PM203D,LB020,Parking pullout South of Rose Canyon,2170,Uphill,CACGTGCACGCTCTGTCTACACATCCACTCACACCTGTGCACCCTCTGTAGCTCTGTGGCATGGGGACTCTGTCCCACTGCCGCGGTCCTACGTCTTTACACACACGCCGTAACAAAGTCTCATGGAATGTACGCCGCGTTTAACGCAATACAATACAACTTTCAGCAACGGATCTCTTGGCTCTCGCATCGATGAAGAACGCAGCGAAATGCGATAAGTAATGTGAATTGCAGAATTCAGTGAATCATCGAATCTTTGAACGCACCTTGCGCCCTTTGGCTATTCCGAAGGGCATGCCTGTTTGAGTATCATGAACACCTCAACTCTCGTGGTCTGCCATGATGAGCTTGGACTTTGGGGGTCTTGCCGGCCCAGCGTCGGCTCCTCTCAAATGAATCAGCTTGCCAGTGTATGGTGGCGTCACAGGTGTGATAACTATCTACGCATGTGTTCCCCGCCGTGTAACCTTCAGCGATGGAGGTTCGCTGGAGCTCATAGACGTCTCTCCTCTGCGAGGACAGCTATTTGAACTTT,Agaricomycetes,Thelephorales,Tomentella,,LB020.3D,"light brown, smoothing lightening toward tip",6,,
PM233C,LB023,Parking pullout South of Rose Canyon,2170,Uphill,ATTAACGAATTAGAGAGTTGATGCTGGTAGTCTGACTACATGTGCTCGCTCTCCTAATCCCACTTACACCTGTGCACTTTAACTTTGGAGGGAGGGTAAAACCTGCCTTCGAAATTCACAAACTCTTGTTTTTAAATTATGAATGTTTATCTGCCGCAAGGCAAAATTTAATACAACTTTTAACAACGGATCTCTTGGCTCTCGCATCGATGAAGAACGCAGCGAAATGCGATAAGTAATGTGAATTGCAGAATTCAGTGAATCATCGAATCTTTGAACGCACCTTGCGCTCCCTGGTATTCCGGGGAGCACGCCTGTTCGAGTGTCATGAAACTCTCAAACAAGGTAGATTTGTTTCTACCTCTGTTTGGATTTGGACTCTGCTGCGTCAATGCGGCTGGTCTTAAATATATTAGCTGATCCTAGCGAAGGTTTGGTTCTACTCAGCATGATAATTATCTAATGTTGAGGACAGTCTTAGGACTGGCCAGGCTCTCT,Agaricomycetes,Cantharellales,Sistotrema,,LB023.3C,brown with light tan tup short brown hyphae below,8,"Wood saprobe, possibly",
PM233D,LB023,Parking pullout South of Rose Canyon,2170,Uphill,ATTAACGAATTAGAGAGTTGATGCTGGTAGTCTGACTACATGTGCTCGCTCTCCTAATCCCACTTACACCTGTGCACTTTAACTTTGGAGGGAGGGTAAAACCTGCCTTCGAAATTCACAAACTCTTGTTTTTAAATTATGAATGTTTATCTGCCGCAAGGCAAAATTTAATACAACTTTTAACAACGGATCTCTTGGCTCTCGCATCGATGAAGAACGCAGCGAAATGCGATAAGTAATGTGAATTGCAGAATTCAGTGAATCATCGAATCTTTGAACGCACCTTGCGCTCCCTGGTATTCCGGGGAGCACGCCTGTTCGAGTGTCATGAAACTCTCAAACAAGGTAGATTTGTTTCTACCTCTGTTTGGATTTGGACTCTGCTGCGTCAATGCGGCTGGTCTTAAATATATTAGCTGATCCTAGCGAAGGTTTGGTTCTACTCAGCATGATAATTATCTAATGTTGAGGACAGTCTTAGGACTGGCCAGGCTCTCT,Agaricomycetes,Cantharellales,Sistotrema,,LB023.3D,tan with dense hyphae (white),6,"Wood saprobe, possibly",
PM232C,LB023,Parking pullout South of Rose Canyon,2170,Parallel,CTGCGGAAGGATCATTAAAAGTATATAGTTATACATTCTGTGTATCGACTAAATATACCCATTCTGAGTACCTTGCCTGTTGCTTCCATGGAGCCTGACAAATGTCACTCTGGGGATTTACATCCCGAGGGAGCCTCCGTGGAAGGTAATCAATTAACTCTTGAATCCAATGTCATCTGTCTGATAATGTTTATAACAAATGTTAAAACTTTCAACAACGGATCTCTTGGTTCTCGCATCGATGAAGAACGCAGCGAAATGCGATAAGTAGTGTGAATTGCAGAATTCAGTGAATCATCGAATCTTTGAACGCACATTGCGCCTCCTGGTATTCCGGGAGGCATGCCTGTTCGAGCGTCATTAAATACCACTCAAGCTCTTCTGCTTGGTCATGGAAGAAGAGAATGCTTGCATCCTCTCTTCTGAAATCGAACGGCGGACTGCCTCATGTGCCTCGCGTAGTAAGTTCATCTTTTCGCTTGGAGTGTGAGATAGTCTCGCCATCAACCCCCATACTTCTAAGGTTGACCTCGGATCAG,Pezizomycetes,Pezizales,,,LB023.2C,brown with a light tip,10,,
PM191C,LB019,Parking pullout South of Rose Canyon,2170,Downhill,CTGCGGAAGGATCATTATTGAAAGAAACCTCAGGCAGGGGGAGGTGGTTGTAGCTGGCCCTTAGGGGGCATGTGCACACTGTGTCTCTCTTGCTTGTTTCTTCATTCTCTCCACTTGTGCACTGCTTGTAGGCAGCCTTGGCATTGTTCAGGTTGTCTATGATTTTCTTTACATACATGAACACTTGTTGTACAGAATGTGATAAAAAATAGTAATACAACTTTCAACAACGGATCTCTTGGCTCTCGCATCGATGAAGAACGCAGCGAAATGCGATAAGTAATGTGAATTGCAGAATTCAGTGAATCATCGAATCTTTGAACGCATCTTGCGCTCCTTGGTATTCCGAGGAGCATGCCTGTTTGAGTGTCATTAAATTCTCTCAAAGCATACACTTGAGTGTGTGTTTTGGATTGTGGGAGTGTCTGCTGGCTTTATGAGCCAGCTCTCCTGAAAGACATTAGCTTTGGGGGGGAGGTGCCAAGTCACTTCTGCCTTTCCATTGGTGTGATAGATGAATTAACTTATCTACGCCAGGAAAGCAGGCTGCAGGTGATGCACTGTGATCTTTCTCTGCTCTCTAATTGACAATTTGTCTTGATAACTTGACCTCAA,Agaricomycetes,Agaricales,Amanita,,LB019.1C,light tan with darker bands,3,barely any saprotrophic ablities,
PM231B,LB023,Parking pullout South of Rose Canyon,2170,Downhill,CGTAGGTGAACCTGCGGAAGGATCATTACAAAATGTCTGGGATGTCCAATTTGGACCCCCAAGCAAAATACATCCATGTGTACTCTCCCATGTTGCTTCCCCAGACCAGTGGCCACTGCTGCCAGCCCATCCCTTAATGGGTTCCAGGGTTGAGGTGTCTGGGGAAGGGCCCAATATCAAACTTTTGAACAAATTAGATGTCTGAGAAGGCCATGTGCCGTAACATATAAACTAGTTAAAACTTTCAACAACGGATCTCTTGGCTCTCGCATCGATGAAGAACGCAGCGAAATGCGATAAGTAATGTGAATTGCAGAATTCAGTGAATCATCGAATCTTTGAACGCACATTGCGCCCTTTGGTATTCCTTAGGGCATGCCTGTTCGAGCGTCACTAAAAACCCCCTCACACATAATGTGGTATTGGTAGAAGTGGATAGTACGAACACTACTTTATCTTACTCTACTGAAATGAATAGGCCAGAGAAGTGGACCATGGTAATAGACTCTAAGAGTGTTTCAAAATGCTAAACTAGTCTTAACCAAGTCATGTTCTGAGCTACTGGACCCCCCATTTAGTCCAAACCAAAGAGGTTGACCTCGGATCAG,Pezizomycetes,Pezizales,Tuber,separans,LB023.1B,brown with tan apex with short brown hyphae,6,,
PM202A,LB020,Parking pullout South of Rose Canyon,2170,Parallel,CGTAGGTGAACCTGCGGAAGGATCATTACAAAATGTCTGGGATATCCAATTTGGACCCCCAAGCAAAATACATCCATGTGTACTCTCCCATGTTGCTTCCCCAGACCAGTGGCCACTGCTGCCAGCCCATCCCTTAATGGGTTCCAGGGTTGAGGTGTCTGGGGAAGGGCTCAATATCAAACCTTTGAACAAATTAGATGTCTGAGAAGGCCATGTGCCGTAACATATAAACTAGTTAAAACTTTCAACAACAGATCTCTTGGCTCTCGCATCGATGAAGAACGCAGCGAAATGCGATAAGTAATGTGAATTGCAGAATTCAGTGAATCATCGAATCTTTGAACGCACATTGCGCCCTTTGGTATTCCTTAGGGCATGCCTGTTCGAGCGTCACTAAAAACCCCCTCACACTTAATGTGGTATTGGTAGAAGTGGATAGTACGAACACTACTTTATCTTACTCTACTGAAATGAATAGGCCAGAGAAGTGGACCATGGTAATAGACTCTAAGAGTGTTTCAAAATGCTAAACTAGTCTTAACCAAGTCATGTTCTGAGCTACTGGACCCCCCATTTAGTCCAAACCAAAGAGGTGA,Pezizomycetes,Pezizales,Tuber,separans,LB020.2A,"orange tan thick smooth mantle, highly branching",20,,
PM213B,LB021,Parking pullout South of Rose Canyon,2170,Uphill,CTGCGGAAGGATCATTACAAAATGTCTGGGATATCCAATTTGGACCCCCAAGCAAAATACATCCATGTGTACTCTCCCATGTTGCTTCCCCAGACCAGTGGCCACTGCTGCCAGCCCATCCCTTAATGGGTTCCAGGGTTGAGGTGTCTGGGGAAGGGCTCAATATCAAACCTTTGAACAAATTAGATGTCTGAGAAGGCCATGTGCCGTAACATATAAACTAGTTAAAACTTTCAACAACGGATCTCTTGGCTCTCGCATCGATGAAGAACGCAGCGAAATGCGATAAGTAATGTGAATTGCAGAATTCAGTGAATCATCGAATCTTTGAACGCACATTGCGCCCTTTGGTATTCCTTAGGGCATGCCTGTTCGAGCGTCACTAAAAACCCCCTCACACTTAATGTGGTATTGGTAGAAGTGGATAGTACGAACACTACTTTATCTTACTCTACTGAAATGAATAGGCCAGAGAAGTGGACCATGGTAATAGACTCTAAGAGTGTTTCAAAATGCTAAACTAGTCTTAACCAAGTCATGTTCTGAGCTACTGGACCCCCCATTTAGTCCAAACCAAAGAGGTTGACCTCGGATCAG,Pezizomycetes,Pezizales,Tuber,separans,LB021.3B,brown with tan thick mantle,3,,
PM192B,LB019,Parking pullout South of Rose Canyon,2170,Parallel,CTGCGGAAGGATCATTACAAAATGTCTGGGATATCCAATTTGGACCCCCAAGCAAAATACATCCATGTGTACTCTCCCATGTTGCTTCCCCAGACCAGTGGCCACTGCTGCCAGCCCATCCCTTAATGGGTTCCAGGGTTGAGGTGTCTGGGGAAGGGCTCAATATCAAACCTTTGAACAAATTAGATGTCTGAGAAGGCCATGTGCCGTAACATATAAACTAGTTAAAACTTTCAACAACAGATCTCTTGGCTCTCGCATCGATGAAGAACGCAGCGAAATGCGATAAGTAATGTGAATTGCAGAATTCAGTGAATCATCGAATCTTTGAACGCACATTGCGCCCTTTGGTATTCCTTAGGGCATGCCTGTTCGAGCGTCACTAAAAACCCCCTCACACTTAATGTGGTATTGGTAGAAGTGGATAGTACGAACACTACTTTATCTTACTCTACTGAAATGAATAGGCCAGAGAAGTGGACCATGGTAATAGACTCTAAGAGTGTTTCAAAATGCTAAACTAGTCTTAACCAAGTCATGTTCTGAGCTACTGGACCCCCCATTTAGTCCAAACCAAAGAGGTG,Pezizomycetes,Pezizales,Tuber,separans,LB019.2B,brown branching sparse black hyphae,41,,
PM193A,LB019,Parking pullout South of Rose Canyon,2170,Uphill,CTGCGGAAGGATCATTACAAAATGTCTGGGATATCCAATTTGGACCCCCAAGCAAAATACATCCATGTGTACTCTCCCATGTTGCTTCCCCAGACCAGTGGCCACTGCTGCCAGCCCATCCCTTAATGGGTTCCAGGGTTGAGGTGTCTGGGGAAGGGCTCAATATCAAACCTTTGAACAAATTAGATGTCTGAGAAGGCCATGTGCCGTAACATATAAACTAGTTAAAACTTTCAACAACAGATCTCTTGGCTCTCGCATCGATGAAGAACGCAGCGAAATGCGATAAGTAATGTGAATTGCAGAATTCAGTGAATCATCGAATCTTTGAACGCACATTGCGCCCTTTGGTATTCCTTAGGGCATGCCTGTTCGAGCGTCACTAAAAACCCCCTCACACTTAATGTGGTATTGGTAGAAGTGGATAGTACGAACACTACTTTATCTTACTCTACTGAAATGAATAGGCCAGAGAAGTGGACCATGGTAATAGACTCTAAGAGTGTTTCAAAATGCTAAACTAGTCTTAACCAAGTCATGTTCTGAGCTACTGGACCCCCCATTTAGTCCAAACCAAAGAGGT,Pezizomycetes,Pezizales,Tuber,separans,LB019.3A,tan bifurcating with dark lower root attached,3,,
PM192A,LB019,Parking pullout South of Rose Canyon,2170,Parallel,CTGCGGAAGGATCATTACAAAATGTCTGGGATATCCAATTTGGACCCCCAAGCAAAATACATCCATGTGTACTCTCCCATGTTGCTTCCCCAGACCAGTGGCCACTGCTGCCAGCCCATCCCTTAATGGGTTCCAGGGTTGAGGTGTCTGGGGAAGGGCTCAATATCAAACCTTTGAACAAATTAGATGTCTGAGAAGGCCATGTGCCGTAACATATAAACTAGTTAAAACTTTCAACAACAGATCTCTTGGCTCTCGCATCGATGAAGAACGCAGCGAAATGCGATAAGTAATGTGAATTGCAGAATTCAGTGAATCATCGAATCTTTGAACGCACATTGCGCCCTTTGGTATTCCTTAGGGCATGCCTGTTCGAGCGTCACTAAAAACCCCCTCACACTTAATGTGGTATTGGTAGAAGTGGATAGTACGAACACTACTTTATCTTACTCTACTGAAATGAATAGGCCAGAGAAGTGGACCATGGTAATAGACTCTAAGAGTGTTTCAAAATGCTAAACTAGTCTTAACCAAGTCATGTTCTGAGCTACTGGACCCCCCATTTAGTCCAAACCAAAGAGGTTGACCTCGGATCAG,Pezizomycetes,Pezizales,Tuber,separans,LB019.2A,"bright orange, smooth mantle branching",13,,
PM192D,LB019,Parking pullout South of Rose Canyon,2170,Parallel,CTGCGGAAGGATCATTATTGAAATAAAGGCTGTTGCTGGTTCTCACTGAGGACATGTGCACGCTTGTTGTTATTTTTCCAACTGTGCATATATTGTAGACCTGGAAGTCTTTTATTGTTGGGATAGATTGAGGACTGCCAATGTGGCTTTGCCTTGTATTTCCAGGTCTATGTTGTAATACAAACGAATGAATGTCGAGTACTGGGGAATATAAAATAATAATACAACTTTCAGCAACGGATCTCTTGGCTCTCGCATCGATGAAGAACGCAGCGAAATGCGATAAGTAATGTGAATTGCAGAATTCAGTGAATCATCGAATCTTTGAACGCATCTTGCGCTCCTTGGTATTCCGAGGAGCATGCCTGTTTGAGTGTCATTAAAAGTTCTCAACCACTCTGGTTCTTTCCAGTGTGGCTTGGATTTGAGGGGTTTTGCAGGCTTTTGAACTGAAGTCGGCTCCCTTGAAAAGGATTAGTGGTGTCTGANCAGAAGCCACCATGGGTGTGATAATTATCTATGCCTTGGTGAATGCCTGACCACAAAAGCTGTTGTGTTTTGACCAATT,Agaricomycetes,Agaricales,Inocybe,,LB019.2D,light tan lightening to white with darker bands,14,,
PM202C,LB020,Parking pullout South of Rose Canyon,2170,Parallel,CTGCGGAAGGATCATTAAAAGTAATAAGTGCTCCCGGCGCGTATTATGAAACCCATCTGCGTATCTTACCTGTTGCTTCCGTGGGTGGTTGGCCGTTGCCACACCCGCCAAACGTGGCGGACCCACGGGAGGTCTACATCAAACCTTTGCTCTCAATGATATCTGTCTGAATTGTCTCAATGAGAAAAGTTAAAACTTTCAACAACGGATCTCTTGGTTCTCGCATCGATGAAGAACGCAGCGAAATGCGATAAGTAGTGTGAATTGCAGAATTCAGTGAATCATCGAATCTTTGAACGCACATTGCGCCTCCTGGTATTCCGGGAGGCATGCCTGTTCGAGAGTCATCAAGGAAGGCTCAAGCGTGTTTGCTTGGACTTGGAGGAAGAGCGTGCCCTTGGGGTGGGTTCCCCTCTGAAATTCAATGGCGGATGGTCCATGTGGACACCGACGTAGTAGGAGCAATCTCTCGTCGTGGCCCTGGATTGTCCCGCCCACAATCCCCCACAAAAGAAATAACCGTTGACCTCGGATCAG,Pezizomycetes,Pezizales,Sphaerosporella,brunnea,LB020.2C,brown singular fuzzy with brown hyphae,3,facultatively em,
PM203C,LB020,Parking pullout South of Rose Canyon,2170,Uphill,CTGCGGAAGGATCATTATTGAAAAACTACTCTTAGTTTTTTATATCCCATTGTTTTATCCACCCTGTTGCTTCTACTGGACTGTTTTACTTGTAGGTAAGATTTACCTCTAGGTAAAACCTCAGGCTTGTGTGAACCACACTTGCCAGAGAGCTGCCAGTAGCAAGACCACTTGCTAAAACTTGTTGTGAAATATATTGTCTGAATTTTGTGTCTTGAAAATGAAATAAAACTTTCAACAACGGATCTCTAGGCTCTTGCATCGATGAAGAACGCAGTGAAATGCGATAAGTAATGTGAATTGCAGAATCTCGTGAATCATTGAATCTTTGAACGCACATTGCGCCCTATGGTATTCCATAGGGCATACCTGTTTGAGCGTTAGCTCCCCACCCTTCTCAAGCATTATTTTATAATGTTTGGATTTATTTGGAGAGGCACCTCTGTCATGGAGGTACCCTTCAGAAATGAATATGGCAGTATAGTTTATATCTAAACTAGGCGTAATAATAATAATAAAGTCGCTGGGTTTTATCATATTTATACTTGCCTGAACCCACCCATTATTAAATCGGGTAACCTCAA,Pezizomycetes,Pezizales,Peziza,,LB020.3C,"bright orange, bifurcating smooth mantle",29,,
PM213A,LB021,Parking pullout South of Rose Canyon,2170,Uphill,CTGCGGAAGGATCATTAATGAAACTTCAAAGTCGGCTTGGTCGTCTGTGCTGGTGGAGACACATGTGCACGTCGACAAAGTCGCAAACCCCACACACCTGTGCATCTATGACTCTGAGTACCACTTGCATGGGCCGTCAAACGCCCTGGTATTCGAGTAACTTTCACACACTCTGAATGTAATGGAATGTCTATTGTACAATGTACAACCAAAAACAACTTTCAACAACGGATCTCTTGGCTCTCGCATCGATGAAGAACGCAGCGAAATGCGATAAGTAATGTGAATTGCAGAATTCAGTGAATCATCGAATCTTTGAACGCACCTTGCACCCTTTGGTATTCCGAAGGGTACACCCGTTTGAGTGTCATTGTAATCTCACTACAATCGCTTTTTTGTGGTTGCATGTGGACTTGGATGTTGCCGTGTCACAAACGGCTCGTCTGAAATGCCTGAGTGTACCCTGCTTTGTGGCGTATTCGGTGTGATAAATCTTCACCGGAGTTGACCCTCAGGGTCACGTCTGCTTGACATGGCTCTATGCTTCCAACCGTCCTAACAAGACAATCTTTGACAATTTGACCTCAA,Agaricomycetes,Sebacinales,Sebacina,,LB021.3A,"highly branching, brown with light tip",73,"Order contains Ecto, ericoid, orchid mycor, and root endophytes; earliest divergin lineages of mycorrhizal basidiomycota",
PM232A,LB023,Parking pullout South of Rose Canyon,2170,Parallel,ACCTGCGGAAGGATCATTATCGAAAGCTCTGGCTTTTGCTGTGCCTTGAACCCTTTGATGTATAAAACCTTTGTTGCTTCCATCGGCCGATGCCCCCAAAACTGCGGCATCGACTGATGGAGGGTATTTGAGAACTTGGCTGTTTTAAATGGTTAATTAGTCTGAAAGATTTGACATGAAAATGCTCAAATAATAAAACTTTCAACAACGGATCTCTTGGCTCCTGCATCGATGAAGAACGCAGCGAAATGCGATAAGTAATGTGAATTGCAGAATTCAGTGAATCATCGAGTTTTTGAACGCACATTGCGCCCTATGGTTATTCCGTAGGGCATGCCCGTCTCAGCGTCAGAAGAAAAACCCTCAGGCAAGGCTTTGATGCCATGCTTGGATTGTGTCAGAGCGGCAGCAGACCTGAGGTCATTTTGCCCTTTGTAAAACCATGGATATATTGAAGATTTGTTTCATTCCAACGTGATAGAATATTTGATTCGTTGGTATCAATTATCTGCACATATTTCCAAAAAAAAAACCCACAAAATTGTTGACATATTTGACCTGAGATCGG,Pezizomycetes,Pezizales,,,LB023.2A,tan smooth mantle branching,8,,
PM232D,LB023,Parking pullout South of Rose Canyon,2170,Parallel,CTGCGGAAGGATCATTAATGAATGTATAAATGGCGAAGTTGAGGAATACAGGGGTAAAACAGCTGGCTGTCGCTGGTCTTGTAATGAGGCATGTGCACGCTTGCTCCCTGAGGACCTCTTCGACGTCTATCATCTCATCTCTCTCACCTGTGCACCTAATGTAGGTCTGCATGGTTTTGGTAAAACAGAACCGTGCTAGAGCCTCTCTCTCTGCGGGGGGAAAGGACGAAAGTACCTATGTCTTCAAATACATCTTCGTGTAGAAAGTCTTTGAATGTTTTACTATCATCGAGTCGCGACTTCTAGGAGACGCGGGTCTTTGAGTTAAAAGTTTATTACAACTTTCAGCAATGGATCTCTTGGCTCTCGCATCGATGAAGAACGCAGCGAAACGCGATATGTAATGTGAATTGCAGATCTACAGTGAATCATCGAATCTTTGAACGCACCTTGCGCTCCTTGGTATTCCGAGGAGCATGCCTGTTTGAGTGTCAGTAATTTCTCAACCCCTCTTGATTAGCTTCGAGGGGGAGCTTGGATAGTGGGGGTTTGCAGGAAACTTGGACTTTTAGTCTAGGATTCGAGCTCTCCTGAAATACATTGGCTTGCGGTCGACTTTCGACTTTGCGCGATAAGGCTTTCGGCGTGATAATGATCGCCGTGTGCTGAAGCGCATGACTGTGAAGTTCCGTGCCTCTAATACGTCGACGTTTCTCTCTCTAGGGAGGGGACTGTCTTCCTTAATTGACTTTTGACCTCAAATCAGGTAGGACTACCCGCTGAACTTAAGCATATC,Agaricomycetes,Boletales,Rhizopogon,,LB023.2D,grey crusty black hyphae,6,,
PM232B,LB023,Parking pullout South of Rose Canyon,2170,Parallel,CTGCGGAAGGATCATTAATGAATGTATAAATGGCGAAGTTGAGGAATACAGGGGTAAAACAGCTGGCTGTCGCTGGTCTTGTAATGAGGCATGTGCACGCTTGCTCCCTGAGGACCTCTTCGACGTCTATCATCTCATCTCTCTCACCTGTGCACCTAATGTAGGTCTGCATGGTTTTGGTAAAACAGAACCGTGCTAGAGCCTCTCTCTCTGCGGGGGGAAAGGACGAAAGTACCTATGTCTTCAAATACATCTTCGTGTAGAAAGTCTTTGAATGTTTTACTATCATCGAGTCGCGACTTCTAGGAGACGCGGGTCTTTGAGTTAAAAGTTTATTACAACTTTCAGCAATGGATCTCTTGGCTCTCGCATCGATGAAGAACGCAGCGAAACGCGATATGTAATGTGAATTGCAGATCTACAGTGAATCATCGAATCTTTGAACGCACCTTGCGCTCCTTGGTATTCCGAGGAGCATGCCTGTTTGAGTGTCAGTAATTTCTCAACCCCTCTTGATTAGCTTCGAGGGGGAGCTTGGATAGTGGGGGTTTGCAGGAAACTTGGACTTTTAGTCTAGGATTCGAGCTCTCCTGAAATACATTGGCTTGCGGTCGACTTTCGACTTTGCGCGATAAGGCTTTCGGCGTGATAATGATCGCCGTGTGCTGAAGCGCATGACTGTGAAGTTCCGTGCCTCTAATACGTCGACGTTTCTCTCTCTAGGGAGGGGACTGTCTTCCTTAATTGACTTTTGACCTCAA,Agaricomycetes,Boletales,Rhizopogon,,LB023.2B,"white crusty short root tips, highly branching cluster",18,,
PM233B,LB023,Parking pullout South of Rose Canyon,2170,Uphill,TGCGGAAGGATCATTAATGATTACGAATCGTTGCCGTCAGTGCTGGCCAGAACCTGGCAAGTGCACGTCGGTGACTTTCATCCAATACCCTGTGAACCCTTGGCCTCTTGCTAGCTTCGGCCGGCAGAGGAATTTTACACAAACTCGAATGTAATGAAATTTATTGTCGTGCGCAAGCACTAATGTACAACTTTCAACAACGGATCTCTTGGCTCTCGCATCGATGAAGAACGCAGCGAAATGCGATAAGTAATGTGAATTGCAGAATTCAGTGAATCATCGAATCTTTGAACGCACCTTGCACCCTTTGGCATTCCGAAGGGTATGCTCGTTTGAGTGTCATTGTACTCTCACACTCCCGATCTTTGGATTGGGAGCGGTGGACTTGGGTGTTGCTGCTTGCCGTGGCTCACCTCAAATGGATCAGTGCACCTCTTGGTTGGACATAGTACGGCGTGATAAGTGTCTTCGCCGGCACCTCACTTAGAGGGTGGCCGATCGGGAGCTCTGTGCTTCAAACCGTCTTCGGACAACAACTGACAACTTGACCTCAA,Agaricomycetes,Sebacinales,Sebacina,erigaea,LB023.3B,tan brown branching white fuzzy hyphae,15,"Order contains Ecto, ericoid, orchid mycor, and root endophytes; earliest divergin lineages of mycorrhizal basidiomycota",
PM243C,LB024,Parking pullout South of Rose Canyon,2170,Uphill,NAAACCTGATGTGACTGTTAGCTGGCTTTTCGAAGCATGTGCTCGTCCATCATCTTTATCTCTCCACCTGTGCACATTTTGTAGTCTTGGATACCTCTCGAGGAAACTCGGATTTTAGGATCGCCGTGCTGTACAAGTCGGCTTTTCTTTCATTTCCAAGACTATGTTTTTATATACACCAAAGTATGTTTATAGAATGTCATCAATGGGAACTTGTTTCCTATAAAATTATACAACTTTCAGCAACGGATCTCTTGGCTCTCGCATCGATGAAGAACGCAGCGAAATGCGATAAGTAATGTGAATTGCAGAATTCAGTGAATCATCGAATCTTTGAACGCACCTTGCGCTCCTTGGTATTCCGAGGAGCATGCCTGTTTGAGTGTCATTAAATTCTCAACCTTCCAACTTTTATTAGCTTGGTTAGGCTTGGATGTGGGGGTTNNNN,Agaricomycetes,Agaricales,Laccaria,,LB024.3C,tan bifurcating smooth mantle a little crusty,9,Brown rot,
PM242C,LB024,Parking pullout South of Rose Canyon,2170,Parallel,TTATTGAA:AAACCTGATGTGACTGTTAGCTGGCTTTTCGAAGCATGTGCTCGTCCATCATCTTTATCTCTCCACCTGTGCACATTTTGTAGTCTTGGATACCTCTCGAGGAAACTCGGATTTTAGGATCGCCGTGCTGTACAAGTCGGCTTTTCTTTCATTTCCAAGACTATGTTTTTATATACACCAAAGTATGTTTATAGAATGTCATCAATGGGAACTTGTTTCCTATAAAATTATACAACTTTCAGCAACGGATCTCTTGGCTCTCGCATCGATGAAGAACGCAGCGAAATGCGATAAGTAATGTGAATTGCAGAATTCAGTGAATCATCGAATCTTTGAACGCACCTTGCGCTCCTTGGTATTCCGAGGAGCATGCCTGTTTGAGTGTCATTAAATTCTCAACCTTCCAACTTTTATTAGCTTGGTTAGGCTTGGATGTGGGGGTTTGCGGGCTTCATCACTGAGGTCGGCTCTCCTTAAATGCATTAGCGGAACTTTTGTGGACCGTCTATTGGTGTGATAATTATCTACGCCGTGGATGTGAAGCAGCTTTATGAAGTTCTGCTTCTAACCGTCCATTGACTTGGACAATTTTGACA:TTTGA,Agaricomycetes,Agaricales,Laccaria,,LB024.2C,tan branching with banding of darker hyphae,64,Brown rot,
PM242B,LB024,Parking pullout South of Rose Canyon,2170,Parallel,AACCTGATGTGACTGTTAGCTGGCTTTTCGAAGCATGTGCTCGTCCATCATCTTTATCTCTCCACCTGTGCACATTTTGTAGTCTTGGATACCTCTCGAGGAAACTCGGATTTTAGGATCGCCGTGCTGTACAAGTCGGCTTTTCTTTCATTTCCAAGACTATGTTTTTATATACACCAAAGTATGTTTATAGAATGTCATCAATGGGAACTTGTTTCCTATAAAATTATACAACTTTCAGCAACGGATCTCTTGGCTCTCGCATCGATGAAGAACGCAGCGAAATGCGATAAGTAATGTGAATTGCAGAATTCAGTGAATCATCGAATCTTTGAACGCACCTTGCGCTCCTTGGTATTCCGAGGAGCATGCCTGTTTGAGTGTCATTAAATTCTCAACCTTCCAACTTTTATTAGCTTGGTTAGGCTTGGATGTGGGGGTTTGCGGGCTTCATCACTGAGGTCGGCTCTCCTTAAATGCATTAGCGGAACTTTTGTGGACCGTCTATTGGTGTGATAATTATCTACGCCGTGGATGTGAAGCAGCTTTATGAAGTTCTGCTTCTAACCGTCCATTGACTTGGACAATTTTGACATTTTGACCTCAAATCAGG,Agaricomycetes,Agaricales,Laccaria,,LB024.2B,"orange with black hyphae below, branching",7,Brown rot,
PM242E,LB024,Parking pullout South of Rose Canyon,2170,Parallel,CTGCGGAAGGATCATTAATGAAATTATAATCCGGCGAGGGGAAAGGCGGAGAGTTGTAGCTGGCCTCTAGGGGCATGTGCACGCTGTCTTCCGGACCTTTCGCCGTATGGGCGCGGGGCGACCCGCGTCTTCATATACCTCTTCGTGTAGAAAGTCTTTGAATGTTATACGATCATCGAGTCGCGACTTCTAGGAGACGCGATTCTTTGAGACAAAAGTTATTACAACTTTCAGCAACGGATCTCTTGGCTCTCGCATCGATGAAGAACGCAGCGAATCGCGATATGTAATGTGAATTGCAGATCTACAGTGAATCATCGAATCTTTGAACGCACCTTGCGCTCCTCGGTGTTCCGAGGAGCATGCCTGTTTGAGTGTCAGTAAATTCTCAACCCCCCTCGATTTGCTTCGAGCGGGTGCTTGGATGTTGGAGGCTGCCGGAGACACTGGATTCGTCCAGGACTCGGGCTCCTCTTAAATGAATCGGCTAGCGGTCGACTTTCGACTTTGCATGACAAGGCCTTTGGCGTGATAATGATCGCCGTTCGCCGAAGTGCACGACAGAATGGTCCCGTGCCTCTAATGCGTCGATGCCTCTCTGGGGGCGTCTTCCTCATTGACGTTTGACCTCAA,Agaricomycetes,Boletales,Suillus,,LB024.2E,"light tan, highly branching very fuzzy",21,little bit of brown rot,
PM243B,LB024,Parking pullout South of Rose Canyon,2170,Uphill,CGTAGGTGAACCTGCGGAAGGATCATTATCGTACGACGAGACGCGCCAGGGCTGTCGCTGACCTCTGTCATGAGGTCGTGCACGCCCGAGGCGTCCTCGCACAATCCATCCCACACACCCCCCTTTGTGCATCACCGCGTGGGCTCCTTTGGGTCGCTTAGATCCAAGCGGGGCTTGCGCTTTTTACACAAACGTGCAGTGTAGAATGTCCTAGCGATTGTACGCAATCAATACAACTTTCAACAACGGATCTCTTGGCTCTCGCATCGATGAAGAACGCAGCGAAATGCGATACGTAATGTGAATTGCAGAATTCAGTGAATCATCGAATCTTTGAACGCACCTTGCGCCCCTTGGCATTCCGAGGGGCACACCCGTTTGAGTGTCGTGAATTCCTCAACCTTCTGCTTTTCTTGATAGCAGAAGGCTTGGACTTTGGAGGTTCTTGCTGGCCCCTCTCTTCGGAGGCCAGCTCCTCTTAAATGGATTAGCAGGGTCTGCCTTTGCGCCGATCCTCGACGTGATAAGCTGTTTCTACGTCTTGGATTTGGCTCTGCCTCTCTTTTGAGACCTGCTTCCAATCGTCTCGGCCGCCCTTTCTTCACCAGATAGAGGGGGTGGACCTTTGACCCACGAACCCATTGACCTCAAATCGGGTGAGACTACCCGCTGAACTTAAGCATATCA,Agaricomycetes,Russulales,Lactarius,,LB024.3B,"tan with white hyphae, thick",23,,
PM232E,LB023,Parking pullout South of Rose Canyon,2170,Parallel,TGTTGCTGGTCCCCAACCGGGGGCATGTGCACGCTCTGTTTACACATCCACATCACACCTGTGCACCCTCCGTAGTTCCGTGGCCTGGGGGTCTCTGCCCTCTTGCCATGGTCCTACGTCTTTACACACACACTGTAATAAAGTCTTATGGAATGTATGTCGCGTTTAACGCAATACAATACAACTTTCAGCAACGGATCTCTTGGCTCTCGCATCGATGAAGAACGCAGCGAAATGCGATAAGTAATGTGAATTGCAGAATTCAGTGAATCATCGAATCTTTGAACGCACCTTGCGCCCTTTGGCTATTCCGAAGGGCATGCCTGTTTGAGTATCATGAACACCTCAACTCTCATGGCTTGCCATGATGAGCTTGGACTTTGGGGGTCTTGCTGGCCTACGGTCGGCTCCTCTCAAACGAATCACTTGCCAGTGTTTGGTGGCGTCACAGGTGTGATAACTATCTACGCTTGTGGTTCTCCACCAGGTAACCTTCAGTGATGGAGGTTCGCTGGAGCTCATAAACGTCTCTCCTCTGCGAGGACAACTTCTTGAACGTTTGATCTCAAATCAGGTAGGACTACCCGCTGAACTTAAGCATATCAATAAGCGGAGGAAAAGAAACTAACAAGGATTCCCCTAGTAACTGCGAGTGAAGCGGGAAGAGCTCAAATTTAAAATCTGGCGTGCCTCCGGTCGTCCGAGTTGTAGTCTGGAGAAGCGTTTTCCGTGTTGGACCGTGTACAAGTCCCTTGGAACAGGGCGTCATAGAGGGTGAGAATCCCGTCTTTGACACGGACTACCAATGCTTTGTGATGCGCTCTCAAAGAGTCGAGTTGTTTGGGAATGCAGCTCAAAATGGGTGGTAAATTCCATCTAAAGCTAAATATAGGCGAGAGACCGATAGCGAACAAGTACCGTGAGGGAAAGATGAAAAGCACTTTGGAAAGAGAGTTAAACAGTACGTGAAATTGCTGAAAGGGAAACGCTTGAAGTCAGTCACGTCTGCCAGGACTCAGCCTCGCTTCTGCTTGGTGTACTTTCTGGTTTGATGGGCCAACATCAATTTCGACCGTTGGAGAAAGGCTTTGGGAACGTGGCACCTCTGGGTGTGTTATAGCCCT,Agaricomycetes,Thelephorales,Tomentella,,LB023.2E,"brown with lighter tip, singular",7,,
PM231A,LB023,Parking pullout South of Rose Canyon,2170,Downhill,TTACTTGATTCTATCTCACTCATTATGTCTCATAAGCGCTGAAAAGTGCAACACCAGGTGAGGCCTAAATTTCCAAACCTGTCCAGTTTAGCTGGTAAAAATGGCAGCAGTGCCACGTCAACCTGTCTGCTCGCGCTTTGAAACGGCGAGTCGTACTAAATACCTAGACTACTTCACTTGATATTTATTTTAAAACTTTACAACTGGTAACATTGGATCCCTTGGTACATCAGTCGATGAAGAACGCAGCTATCTGCGATACGTGGTGTGAATTGCAACCTCAAGCCATCGTGAATCATCGAATTTTTGAACGCACTGCACCGCCCTTATGGGATGGTATATCTGGATGAGTGTCATGAACTATTTCAGGCTCATGTGTGCTAGTGTTTAATCACGAGCGTGTGTCTTCTAATCCTGTCGTTTGCGGCAGGAGGTAGGGGCACATGTGGCCTCATGTTGCACTGGTTTCGAGGCTTCCCGGTTGTTACAATCAGGGGCTTTTAGATCTATTAGCGGGTGGGATCTCGGTAGAGCAGAGTCCGTGTAATAGACTGTAGTTGCACGTACGACGATTTGGAGAGTAACGACCTTCAGGTGGCTTTGCCTTGGTTCTGCAGCTTCTAATGGCCATTGATTTGGCAGACTTGCTCATGTGCAGTGATGCGTACATGTGGCAGACATTCACGTTGTGACCTCATCTCAGGTAGGAATACCCAGCGAATTTAAGCATATTAGTAGCTGGAGGAAAAGAAACTAACAAGGATTCCCCTAGTAGCGGCGAGCGAAGAGGGATCAGCTCAAGGTGTGAATCTGGCGGGCATTTGCAGCAATCCCGACCCGAGTTGTGCACTTAAGAGGTGTGGTTTGCACTCGCAGGACCTTTGGGGTGTAAGTCGCTTTGAACGGCGTGAAAGAGAGGGTTTCATCCCCGTCTACCCCCATTGTTTGAACTCGTGCTTGTATCGCATTCTCGTTGAGTCGTGTAGTTTTGTAATGCTGCACAAATTGGGAGGTAGATTCCTTCTAAGGCTAAATATTCTGATGTAACCGATAGTTCACAAGTACCGCGAGGGAAAGGTGAAAAGCACTCTGGAAAGAGAGTGAAATAGATGTGAAAATGTTACCAGGGAAACGCTTGCAGCCGTTTGCTTGCATCGGGGGCGACCTCGGTGTGAGGGTCAGCGTCCATGGGGGCTGGAGGAAAGGACTGGTGTGTGGGGAATGCAGCCGGCGGTCTGATCCCCGCTTGTGCTTTGTGAACCTTGCCATGAAGAAGAATCCGGCACCTGTGCGAGAGAGATGGCACGTCCT,Agaricomycetes,Cantharellales,,,LB023.1A,tan with bands of darker hyphae,74,,
PM593B,LB059,Rose Canyon Rd.,2201,Uphill,TGCGGAAGGATCATTACAGAAAGTAAACGCGGATCAAACCGCGAACTTCTAAACCTTTGACGATCGACTCATGTTGCCTCGGCGGGTGCTCCCGCCAGAGGATACATCAAAACTCATGTTTTAACGGTGTTGTCTGAGCTACAAGCAACGAATCAAAACTTTCAACAACGGATCTCTTGGTTCTGGCATCGATGAAGAACGCAGCGAAATGCGATAAGTAGTGTGAATTGCAGAATTCAGTGAATCATCGAATCTTTGAACGCACATTGCGCCCCTTGGTATCCCGAGGGGCATGCCTGTTCGAGCGTCATTTCACCACTCAAGCCTGGCTTGGTGTTGGGCGACGTCCCCTTTGGGGACGCGCTTCGAAACGCTCGGCGGCGTGGCATCGGCTTTAAGCGTAGCAGAATCTTTCGCTTTGAAAGTCGGGGCCCCGTCTGCCGGAAGACCTACTCGCAAGGTTGACCTCGGATCAGGCAGGGATACCCGCTGAACTTAAGCATATCA,Dothideomycetes,Pleosporomycetidae incertae sedis,Cenococcum,geophilum,LB059.3B,"black, fuzzy with black hyphae",28,,
PM603B,LB060,Rose Canyon Rd.,2201,Uphill,CTGCGGAAGGATCATTACAGAAAGTAAACGCGGATCAAACCGCGAACTTCTAAACCTTTGACGATCGACTCATGTTGCCTCGGCGGGTGCTCCCGCCAGAGGATACATCAAAACTCATGTTTTAACGGTGTTGTCTGAGCTACAAGCAACGAATCAAAACTTTCAACAACGGATCTCTTGGTTCTGGCATCGATGAAGAACGCAGCGAAATGCGATAAGTAGTGTGAATTGCAGAATTCAGTGAATCATCGAATCTTTGAACGCACATTGCGCCCCTTGGTATCCCGAGGGGCATGCCTGTTCGAGCGTCATTTCACCACTCAAGCCTGGCTTGGTGTTGGGCGACGTCCCCTTTGGGGACGCGCTTCGAAACGCTCGGCGGCGTGGCATCGGCTTTAAGCGTAGCAGAATCTTTCGCTTTGAAAGTCGGGGCCCCGTCTGCCGGAAGACCTACTCGCAAGGT,Dothideomycetes,Pleosporomycetidae incertae sedis,Cenococcum,geophilum,LB060.3B,"black, fuzzy with black hyphae",24,,
PM573A,LB057,Rose Canyon Rd.,2201,Uphill,CTGCGGAAGGATCATTACAGAAAGTAAACGCGGATCAAACCGCGAACTTCTAAACCTTTGACGATCGACTCATGTTGCCTCGGCGGGTGCTCCCGCCAGAGGATACATCAAAACTCATGTTTTAACGGTGTTGTCTGAGCTACAAGCAACGAATCAAAACTTTCAACAACGGATCTCTTGGTTCTGGCATCGATGAAGAACGCAGCGAAATGCGATAAGTAGTGTGAATTGCAGAATTCAGTGAATCATCGAATCTTTGAACGCACATTGCGCCCCTTGGTATCCCGAGGGGCATGCCTGTTCGAGCGTCATTTCACCACTCAAGCCTGGCTTGGTGTTGGGCGACGTCCCCTTTGGGGACGCGCTTCGAAACGCTCGGCGGCGTGGCATCGGCTTTAAGCGTAGCAGAATCTTTCGCTTTGAAAGTCGGGGCCCCGTCTGCCGGAAGACCTACTCGCAAGGT,Dothideomycetes,Pleosporomycetidae incertae sedis,Cenococcum,geophilum,LB057.3A,"Black, fuzzy with black hyphae",23,,
PM591A,LB059,Rose Canyon Rd.,2201,Downhill,CTGCGGAAGGATCATTACAGAAAGTAAACGCGGATCAAACCGCGAACTTCTAAACCTTTGACGATCGACTCATGTTGCCTCGGCGGGTGCTCCCGCCAGAGGATACATCAAAACTCATGTTTTAACGGTGTTGTCTGAGCTACAAGCAACGAATCAAAACTTTCAACAACGGATCTCTTGGTTCTGGCATCGATGAAGAACGCAGCGAAATGCGATAAGTAGTGTGAATTGCAGAATTCAGTGAATCATCGAATCTTTGAACGCACATTGCGCCCCTTGGTATCCCGAGGGGCATGCCTGTTCGAGCGTCATTTCACCACTCAAGCCTGGCTTGGTGTTGGGCGACGTCCCCTTTGGGGACGCGCTTCGAAACGCTCGGCGGCGTGGCATCGGCTTTAAGCGTAGCAGAATCTTTCGCTTTGAAAGTCGGGGCCCCGTCTGCCGGAAGACCTACTCGCAAGGT,Dothideomycetes,Pleosporomycetidae incertae sedis,Cenococcum,geophilum,LB059.1A,"black, fuzzy with black hyphae",45,,
PM601B,LB060,Rose Canyon Rd.,2201,Downhill,TGCGGAAGGATCATTACAGAAAGTAAACGCGGATCAAACCGCGAACTTCTAAACCTTTGACGATCGACTCATGTTGCCTCGGCGGGTGCTCCCGCCAGAGGATACATCAAAACTCATGTTTTAACGGTGTTGTCTGAGCTACAAGCAACGAATCAAAACTTTCAACAACGGATCTCTTGGTTCTGGCATCGATGAAGAACGCAGCGAAATGCGATAAGTAGTGTGAATTGCAGAATTCAGTGAATCATCGAATCTTTGAACGCACATTGCGCCCCTTGGTATCCCGAGGGGCATGCCTGTTCGAGCGTCATTTCACCACTCAAGCCTGGCTTGGTGTTGGGCGACGTCCCCTTTGGGGACGCGCTTCGAAACGCTCGGCGGCGTGGCATCGGCTTTAAGCGTAGCAGAATCTTTCGCTTTGAAAGTCGGGGCCCCGTCTGCCGGAAGACCTACTCGCAAGGT,Dothideomycetes,Pleosporomycetidae incertae sedis,Cenococcum,geophilum,LB060.1B,"black, fuzzy with black hyphae",56,,
PM601C,LB060,Rose Canyon Rd.,2201,Downhill,TTTGTGAGCTCCAGCGAACCTCCATCACTGAAGGTTGCCTGGCAGAACACCACAAGCGTAGATAGTTATCACACCTGCGATGCCACCAAACACTGGCAAGCTGATTCATTTGAGAGGAGCCGACCACAGGCCAGCAAGACCCCCAAAGTCCAAACTCATCATGGCAAACCATGAGAGTTGAGGTGTTCATGATACTCAAACAGGCATGCCCTCCGGAATAGCCAGAGGGCGCAAGGTGCGTTCAAAGATTCGATGATTCACTGAATTCTGCAATTCACATTACTTATCGCATTTCGCTGCGTTCTTCATCGATGCGAGAGCCAAGAGATCCGTTGCTGAAAGTTGTATTGTATTGCGTTAAACGCGATGTACATTCCATGAGACTTTGTTACAGTGTGTGTGT,Agaricomycetes,Thelephorales,Tomentella,,LB060.1C,"greyish, brown with white tip; highly branching; minute black hyphae",62,,
PM601D,LB060,Rose Canyon Rd.,2201,Downhill,GCTGTCCTCGCTGAGGAGAGACATTTGTGAGCTCCAGCGAACCTCCATCACTGAAGGTTGCCTGGCAGAACACCACAAGCGTAGATAGTTATCACACCTGCGATGCCACCAAACACTGGCAAGCTGATTCATTTGAGAGGAGCCGACCACAGGCCAGCAAGACCCCCAAAGTCCAAACTCATCATGGCAAACCATGAGAGTTGAGGTGTTCATGATACTCAAACAGGCATGCCCTCCGGAATAGCCAGAGGGCGCAAGGTGCGTTCAAAGATTCGATGATTCACTGAATTCTGCAATTCACATTACTTATCGCATTTCGCTGCGTTCTTCATCGATGCGAGAGCCAAGAGATCCGTTGCTGAAAGTTGTATTGTATTGCGTTAAACGCGATGTACATTCCATGAGACTTTGTTACAGTGTGTGTGT,Agaricomycetes,Thelephorales,Tomentella,,LB060.1D,white to yellow singular along root,17,,
PM563D,LB056,Rose Canyon Rd.,2201,Uphill,ACTTTAAATAATTTCAGGGTCGCTATGCAAGTCGGCCCACGCATGTGGTGCCGGCGACACTTTCGAATTGACGGGGACACCCTAAAGCCTGTCGCACCAACTCTGTGTGGGAAACCGCCTGAGGGCCCGTGCTAACTACACGGGGTGGTAACAGACGACATGGATACTTACACGCCTTTGGTGTGGATACTATGGGCAATCCGCAGCGAAGCCTCTAAGTCCAGCCGCCGGATATGAGGAACGTTCACAGACTAAGTGGAAGTGGGTGGAGCGTTTGCCGCTCTGCTTAAGATATAGTCGGTCCCCTTAGGAAACTAAGGGGGTGAGTACACTGCTTGAAATTTAAACATGAACGTGCGTAATTATAATCCACATCTACAATGGCATCTCATCCCACAAGCCCGGCATGCAAGTGCACCTCTTATGCGAGTGCACAATAGCACAGGCAGCATTGATTGATTGTTTATTTACGCTAGCGGCGCACCTTCCCTAAATCTTCAGAGTTAAGGAAGGTGCGCTCCTCTCTCCGCGGTCTCAGAGAGCGCTCATGTTAGAATTTCGAGACTGTTAATTGCCTCACGGCTTGACAGCTCTCAAAAACGTTCCGTAGGTGAACCTGCGGAAGGATCATTACAGAAAGTAAACGCGGATCAAACCGCGAATTTCTAAACCTTTGACGATTGACTCATGTTGCCTCGGCGGGTTCTCCCGCCAGAGGATACATCAAAACTCCTGTTTTAACGGTGTTGTCTGAGCTGCAAGCAACGAATCAAAACTTTCAACAACGGATCTCTTGGTTCTGGCATCGATGAAGAACGCAGCGAAATGCGATAAGTAGTGTGAATTGCAGAATTCAGTGAATCATCGAATCTTTGAACGCACATTGCGCCCCTTGGTATCCCGAGGGGCATGCCTGTTCGAGCGTCATTTCACCACTCAAGCCCGGCTTGGTGTTGGGCGACGTCTCCTTTAGGGACGCGCCTCGAAACGCTCGGCGGCGTGGCACC,Dothideomycetes,Pleosporomycetidae incertae sedis,Cenococcum,geophilum,LB056.3D,black fuzzy with black hyphae,5,,
PM571D,LB057,Rose Canyon Rd.,2201,Downhill,GTCGCTATGCAAGTCGGCCCACGCATGTGGTGCCGGCGACACTTTCGAATTGACGGGGACACCCTAAAGCCTGTCGCACCAACTCTGTGTGGGAAACCGCCTGAGGGCCCGTGCTAACTACACGGGGTGGTAACAAACGACATGGATACTTACACGCCTTTGGTGTGGATACTATGGGCAATCCGCAGCGAAGCCTCTAAGTCCAGCCGCCGGATATGAGGAACGTTCACAGACTAAGTGGAAGTGGGTGGAGCGTTTGCCGCTCTGCTTAAGATATAGTCGGTCCCCTTAGGAAACTAAGGGGGTGAGTACACTGCTTGAAATTTAAACATGAACGTGCGTAATTATAATCCACATCTACAATGGCATCTCATCCCACAAGCCCGGCATGCAAGTGCACCTCTTATGCGAGTGCACAATAGCACAGGCAGCATTGATTGATTGTTTATTTACGCTAGCGGCGCACCTTCCCTAAATCTTCAGAGTTAAGGAAGGTGCGCTCCTCTCTCCGCGGTCTCAGAGAGCGCTCATGTTAGAATTTCGAGACTGTTAATTGCCTCACGGCTTGACAGCTCTCAAAAACGTTCCGTAGGTGAACCTGCGGAAGGATCATTACAGAAAGTAAACGCGGATCAAACCGCGAATTTCTAAACCTTTGACGATTGACTCATGTTGCCTCGGCGGGTTCTCCCGCCAGAGGATACATCAAAACTCCTGTTTTAACGGTGTTGTATGAGCTGCAAGCAACGAATCAAAACTTTCAACAACGGATCTCTTGGTTCTGGCATCGATGAAGAACGCAGCGAAATGCGATAAGTAGTGTGAATTGCAGAATTCAGTGAATCATCGAATCTTTGAACGCACATTGCGCCCCTTGGTATCCCGAGGGGCATGCCTGTTCGAGCGTCATTTCACCACTCAAGCCCGGCTTGGTGTTGGGC,Dothideomycetes,Pleosporomycetidae incertae sedis,Cenococcum,geophilum,LB057.1D,"Black, fuzzy with black hyphae",9,,
PM572A,LB057,Rose Canyon Rd.,2201,Parallel,GACTTTAAATAATCCTAGGATCGCTATGCAAGTCGGTCCACGCATGTGGTGCCGGCGACACTTTCGAATTGACGGGGATACCCTAAAGCCTGTCGCACCAACTCTGTGTGGGAAACCGCTGGAGGGCCCGTGCTAACTACACGGGGTGGTAACAGACGACATGGATACCTCCACGCCTTTGGTGTGGATACTATGGGCAATCCGCAGCGAAGCCCCTAAGTCCGGCCGCCGGATATGGGGAACGTTCACAGACTAAGTGGAAGTGGGTGGAGCGTTCGCCGCTCTGCTTAAGATATAGTCGGGCCCCTTAGGAAACTAAGGGGGTGAGTACACTGCTCGAAATTTAAACTTGAACGTGTCTCGGATAGCGCTCATGTTAGAATTTCGAGACTGTCGACTGCCTCGCGGTTTGACAGCTCTTAAAACGTTCCGTAGGTGAACCTGCGGAAGGATCATTACAGAAAGTAAACGCGGATCAAACCGCGAACTTCTAAACCTTTGACGATTGACTCATGTTGCCTCGGCGGGTTCTCCCGCCAGAGGATACATTAAAACTCCTGTTTTAACGGTGTTGTCTGAGCTACAAGCAACGAATCAAAACTTTCAACAACGGATCTCTTGGTTCTGGCATCGATGAAGAACGCAGCGAAATGCGATAAGTAGTGTGAATTGCAGAATTCAGTGAATCATCGAATCTTTGAACGCACATTGCGCCCCTTGGTATCCCGAGGGGCATGCCTGTTCGAGCGTCATTTCACCACTCAAGCCTGGCTTGGTGTTGGGCGACGTCCCCTTTAGGGACATGCCTCGAAACGCTCGGCGGCGTGGCACCGGCTTT,Dothideomycetes,Pleosporomycetidae incertae sedis,Cenococcum,geophilum,LB057.2A,black fuzzy with black hyphae,5,,
PM583C,LB058,Rose Canyon Rd.,2201,Uphill,GGCGACTTTAAATAATCCTAGGATCGCTATGCAAGTCGGTCCACGCATGTGGTGCCGGCGACACTTTCGAATTGACGGGGATACCCTAAAGCCTGTCGCACCAACTCTGTGTGGGAAACCGCTGGAGGGCCCGTGCTAACTACACGGGGTGGTAACAGACGACATGGATACCTCCACGCCTTTGGTGTGGATACTATGGGCAATCCGCAGCGAAGCCCCTAAGTCCGGCCGCCGGATATGGGGAACGTTCACAGACTAAGTGGAAGTGGGTGGAGCGTTCGCCGCTCTGCTTAAGATATAGTCGGGCCCCTTAGGAAACTAAGGGGGTGAGTACACTGCTCGAAATTTAAACTTGAACGTGTCTCGGATAGCGCTCATGTTAGAATTTCGAGACTGTCGACTGCCTCGCGGTTTGACAGCTCTTAAAACGTTCCGTAGGTGAACCTGCGGAAGGATCATTACAGAAAGTAAACGCGGATCAAACCGCGAACTTCTAAACCTTTGACGATTGACTCATGTTGCCTCGGCGGGTTCTCCCGCCAGAGGATACATTAAAACTCCTGTTTTAACGGTGTTGTCTGAGCTACAAGCAACGAATCAAAACTTTCAACAACGGATCTCTTGGTTCTGGCATCGATGAAGAACGCAGCGAAATGCGATAAGTAGTGTGAATTGCAGAATTCAGTGAATCATCGAATCTTTGAACGCACATTGCGCCCCTTGGTATCCCGAGGGGCATGCCTGTTCGAGCGTCATTTCACCACTCAAGCCTGGCTTGGTGTTGGGCGACGTCCCCTTTAGGGACACGCCTCGAAACGCTCGGCGGCGTGGCACCGGCTTTAA,Dothideomycetes,Pleosporomycetidae incertae sedis,Cenococcum,geophilum,LB058.3C,black fuzzy with black hyphae,1,,
PM581B,LB058,Rose Canyon Rd.,2201,Downhill,CGACTTTAAATAATCCTAGGATCGCTATGCAAGTCGGTCCACGCATGTGGTGCCGGCGACACTTTCGAATTGACGGGGATACCCTAAAGCCTGTCGCACCAACTCTGTGTGGGAAACCGCTGGAGGGCCCGTGCTAACTACACGGGGTGGTAACAGACGACATGGATACCTCCACGCCTTTGGTGTGGATACTATGGGCAATCCGCAGCGAAGCCCCTAAGTCCGGCCGCCGGATATGGGGAACGTTCACAGACTAAGTGGAAGTGGGTGGAGCGTTCGCCGCTCTGCTTAAGATATAGTCGGGCCCCTTAGGAAACTAAGGGGGTGAGTACACTGCTCGAAATTTAAACTTGAACGTGTCTCGGATAGCGCTCATGTTAGAATTTCGAGACTGTCGACTGCCTCGCGGTTTGACAGCTCTTAAAACGTTCCGTAGGTGAACCTGCGGAAGGATCATTACAGAAAGTAAACGCGGATCAAACCGCGAACTTCTAAACCTTTGACGATTGACTCATGTTGCCTCGGCGGGTTCTCCCGCCAGAGGATACATTAAAACTCCTGTTTTAACGGTGTTGTCTGAGCTACAAGCAACGAATCAAAACTTTCAACAACGGATCTCTTGGTTCTGGCATCGATGAAGAACGCAGCGAAATGCGATAAGTAGTGTGAATTGCAGAATTCAGTGAATCATCGAATCTTTGAACGCACATTGCGCCCCTTGGTATCCCGAGGGGCATGCCTGTTCGAGCGTCATTTCACCACTCAAGCCTGGCTTGGTGTTGGGCGACGTCCCCTTTAGGGACACGCCTCGAAACGCTCGGCGGCGTGGCACCGGCTTTAA,Dothideomycetes,Pleosporomycetidae incertae sedis,Cenococcum,geophilum,LB058.1B,black fuzzy with black hyphae,10,,
PM561D,LB056,Rose Canyon Rd.,2201,Downhill,TTAAATAATCCTAGGATCGCTATGCAAGTCGGTCCACGCATGTGGTGCCGGCGACACTTTCGAATTGACGGGGATACCCTAAAGCCTGTCGCACCAACTCTGTGTGGGAAACCGCTGGAGGGCCCGTGCTAACTACACGGGGTGGTAACAGACGACATGGATACCTCCACGCCTTTGGTGTGGATACTATGGGCAATCCGCAGCGAAGCCCCTAAGTCCGGCCGCCGGATATGGGGAACGTTCACAGACTAAGTGGAAGTGGGTGGAGCGTTCGCCGCTCTGCTTAAGATATAGTCGGGCCCCTTAGGAAACTAAGGGGGTGAGTACACTGCTCGAAATTTAAACTTAAACGTGTCTCGGATAGCGCTCATGTTAGAATTTCGAGACTGTCGACTGCCTCGCGGCTTGACAGCTCTTAAAACGTTCCGTAGGTGAACCTGCGGAAGGATCATTACAGAAAGTAAACGCGGATCAAACCGCGAACTTCTAAACCTTTGACGATTGACTCATGTTGCCTCGGCGGGTTCTCCCGCCAGAGGATACATTAAAACTCCTGTTTTAACGGTGTTGTCTGAGCTACAAGCAACGAATCAAAACTTTCAACAACGGATCTCTTGGTTCTGGCATCGATGAAGAACGCAGCGAAATGCGATAAGTAGTGTGAATTGCAGAATTCAGTGAATCATCGAATCTTTGAACGCACATTGCGCCCCTTGGTATCCCGAGGGGCATGCCTGTTCGAGCGTCATTTCACCACTCAAGCCTGGCTTGGTGTTGGGCGACGTCCCCTTTAGGGACACGCCTCGAAACGCTCGGCGGCGTGG,Dothideomycetes,Pleosporomycetidae incertae sedis,Cenococcum,geophilum,LB056.1D,black fuzzy with black hyphae,19,,
PM552A,LB055,Rose Canyon Rd.,2201,Parallel,TTGTAGAAGCCTTTGCAGCCACGCAAGTGGTAGAACTAGGCGACTTTAAATAATTCTAGGATCGCTATGCAAGTCGGCCCACGCGTGTGGTGCCGGCGACACTTTCGAATTGACGGGGATACCCTAAAGCCTGTCGCACCAACTCTGTGCGGGAAACCGCTGGAGGGCCCGTGCTAACTACACGGGGTGGTAACAGACGACATGGATACCTCCACGCCTTTGGTGTGGATACCATGGGCAATCCGCAGCGAAGCCTCTAAGTCCGGCCGCCGGATATGAGGAACGTTCACAGACTAAGTGGAAGTGGGTGGAGCGTTCGTCGCTCTGCTTAAGATATAGTCGGGCCCCTTGGGAAACTAAGGGGGTGAGTACACTGCTTGAAATTTAAACTTGAACGTGTCTCGGTCTCGGACAGCGCTTATGTTAAAATTTCGAGACTGTCGACTGCCTCGCGCGGTTCGACAGCTCTTAAAACGTTCCGTAGGTGAACCTGCGGAAGGATCATTACAGAAAGTAAACGCGGATCAAACCGCGAACTTCTTCTAAACCTTTGACGATTGACTCATGTTGCCTCGGCGGGTTCTCCCGCCAGAGGATAGATCAAAACTCCTGTTTTAACGGTGTTGTCTGAGCTACAAGCAACGAATCAAAACTTTCAACAACGGATCTCTTGGTTCTGGCATCGATGAAGAACGCAGCGAAATGCGATAAGTAGTGTGAATTGCAGAATTCAGTGAATCATCGAATCTTTGAACGCACATTGCGCCCCTTGGTATCCCGAGGGGCATGCCTGTTCGAGCGTCATTTCACCACTCAAGCCTGGCTTGGTGTTGGGCGACGTCCCCTTTGGGGACGCGCCTCGAAACGCTCGGCGGCGTGGTACCGGCTTTAAGCGTAGCAGAATCTTTCGCTTTGAAAGTCGGGGCCCCGTCTGCCGGAAGACCTACTCGTAAGGTTGACCTCGGATCAGGTAGGGATACCCGCTGAACTTAAGCATATCAATAAGCGGAGGAAAAGAAACCAACAGGGATTGCCTCAGTAACGGCGAGTGAAGCGGCAACAGCTCAAATTTGAAATCTGGCTCTTTTAGGGTCCGAGTTGTAATTTGTAGAGGATGCTTCGGCGTCGGCTCCGGTCTAAGTTCCTTGGAACAGGACGTCATAGAGGGTGAGAATCCCGTATGTGATCGGTTGCCCTTGCCATGTGAAGCTCCTTCGACGAGTCGAGTTGTTTGGGAATGCAGCTCTAAATGGGAGGTAAATTTCTTCTAAAGCTAAATACTGGCCAGAGACCGATAGCGCACAAGTAGAGTGATCGAAAGATGAAAAGCACTTTGGAAAGAGAGTCAAAAAGTACGTGAAATTGTTGAAAGGGAAGCGCTTGCAACCAGACCTGCCTGCAGTTGCTCATCCGGGCTTTTGCCCGGTGCACTCTTCTGCTGTCAGGCCAGCATCAGTTCGGGCGGTCGGATAAAGGCTTCGGGAATGTAGCTCCTCTCGAGGAGTGTTATAGCCCGTTGCGAAATGCGGCCAGCCTGAACTGAGTCCGC,Dothideomycetes,Pleosporomycetidae incertae sedis,Cenococcum,geophilum,LB055.2A,black fuzzy with black hyphae,36,,
PM582G,LB058,Rose Canyon Rd.,2201,Parallel,GGATGATTCCTTCCGCAGTGTACACTTGTAGAAGCCTTTGCAGCCACGCAAGTGGTAGAACTAGGCGACTTTAAATAATTCTAGGATCGCTATGCAAGTCGGCCCACGCGTGTGGTGCCGGCGACACTTTCGAATTGACGGGGATACCCTAAAGCCTGTCGCACCAACTCTGTGCGGGAAACCGCTGGAGGGCCCGTGCTAACTACACGGGGTGGTAACAGACGACATGGATACCTCCACGCCTTTGGTGTGGATACCATGGGCAATCCGCAGCGAAGCCTCTAAGTCCGGCCGCCGGATATGAGGAACGTTCACAGACTAAGTGGAAGTGGGTGGAGCGTTCGTCGCTCTGCTTAAGATATAGTCGGGCCCCTTGGGAAACTAAGGGGGTGAGTACACTGCTTGAAATTTAAACTTGAACGTGTCTCGGTCTCGGACAGCGCTTATGTTAAAATTTCGAGACTGTCGACTGCCTCGCGCGGTTCGACAGCTCTTAAAACGTTCCGTAGGTGAACCTGCGGAAGGATCATTACAGAAAGTAAACGCGGATCAAACCGCGAACTTCTAAACCTTTGACGATTGACTCATGTTGCCTCGGCGGGTTCTCCCGCCAGAGGATAGATCAAAACTCCTGTTTTAACGGTGTTGTCTGAGCTACAAGCAACGAATCAAAACTTTCAACAACGGATCTCTTGGTTCTGGCATCGATGAAGAACGCAGCGAAATGCGATAAGTAGTGTGAATTGCAGAATTCAGTGAATCATCGAATCTTTGAACGCACATTGCGCCCCTTGGTATCCCGAGGGGCATGCCTGTTCGAGCGTCATTTCACCACTCAAGCCTGGCTTGGTGTTGGGCGACGTCCCCTTTGGGGACGCGCCTCGAAACGCTCGGCGGCGTGGCACCGGCTTTAAGCGTAGCAGAATCTTTCGCTTTGAAAGTCGGG,Dothideomycetes,Pleosporomycetidae incertae sedis,Cenococcum,geophilum,LB058.2G,fuzzy black with black hyphae,3,,
PM581D,LB058,Rose Canyon Rd.,2201,Downhill,AACAAGGTTTCCGTAGGTGAACCTGCGGAAGGATCATTACAAGTGAGGCTACCGAACGTTGGAAACAGCGGTTAGGAGCTTACACCCACCCGTGTTTACATACTATTGTTGCTTTGGCGGGCCGTGGCCTCCACTGCGGGCTCTGCTCGTGTGTGCCCGCCAGAGAACCAAACTCTGAATGTTAGTGATGTCTGAGTACTATCTAATAGTTAAAACTTTCAACAACGGATCTCTTGGTTCTGGCATCGATGAAGAACGCAGCGAAATGCGATAAGTAATGTGAATTGCAGAATTCAGTGAATCATCGAATCTTTGAACGCACATTGCGCCCTGTGGTATTCCGCAGGGCATGCCTGTTCGAGCGTCATTTAACCACTCACGCCTAGCGTGGTATTGGGGCACGCGATCTCGCGGCCCTCAAAATTAGTGGCGGCGCCGGTGGGCTCTAAGCGTAGTACATACTCCCGCTATAGAGTTTCTCCGGTGGCTCGCCAGAACCCCCAATTTTTTT,Leotiomycetes,Helotiales,Phialocephala,fortinii,LB058.1D,"brown highly branching with white wooly hyphae, thick",14,DSE,Jumpponen et al. 1998
PM573D,LB057,Rose Canyon Rd.,2201,Uphill,CTGCGGAAGGATCATTATCGAATTATAAGTGAGGGTTGTCGCTGGCCTTGAAAGAGGCATGTGCACGCCCGAGCTCTTAAATCCACAACACCTGTGAACCCACCGTAGGCCTTCGGGCTTATGTATCATATACTCTGAATGTGTCATAGAATGTTCATGTTGCCTTAAAACGCAATCAAATACAACTTTCAACAACGGATCTCTTGGCTCTCGCATCGATGAAGAACGCAGCGAAATGCGATAAGTAATGTGAATTGCAGATTTTCAGTGAATCATCGAATCTTTGAACGCACCTTGCGCTCCTTGGTATTCCGAGGAGCATGCCTGTTTGAGTGTCATTAAATTCTCAACCCCACCGATTTGCTTTGGGGGGATTGGACTTGGAGTGTGCTGGCGAAGGTCGGCTCCTCTTTAAATGCATCAGTGGAGAGAAACTTGCCCCAGTGTGATAATCCTGTTGCGCTGTGGTGGGCGAAAGTCTGCTTCCAACCGTCCCTCCGGGGACATACATCATCTCATTT,Agaricomycetes,Atheliales,Amphinema,byssoides,LB057.3D,brown branching evenly along stem; with fuzzy yellow hyphae and minute brown hyphae,54,,
PM582E,LB058,Rose Canyon Rd.,2201,Parallel,CTGCGGAAGGATCATTACAAAATGTCTGGGATGTCCAATTTGGACTCCCAAGCAAAATACATCCATGTGTACTCTCCCATGTTGCTTCCCCAGACCAGTGGCCACTGCTGCCAGCCCCATCCCTTAACGGGTTTCAGGGTTGAGGTGTCTGGGGAAGGGCCCAATATCAAACTTTTGAACAAATTAGATGTCTGAGAAGGCCATGTGCCGTAACATATAAACTTGTTAAAACTTTCAACAACGGATCTCTTGGCTCTCGCATCGATGAAGAACGCAGCGAAATGCGATAAGTAATGTGAATTGCAGAATTCAGTGAATCATCGAATCTTTGAACGCACATTGCGCCCTTTGGTATTCCTTAGGGCATGCCTGTTCGAGCGTCACTAAAAACCCCCTCACACATAATGTGGTATTGGTAGAAGTGGATAGTACAAACACTACTTTGTCTTACTCTACTGAAATGAAAAGGCCAGAGAAGTGGACCATGGTAATAGACTCCAGGAGTGTTTTAAAATGCTAAACTAGTCTTAACCAAGTCATATTCTGAGCTACTGGACCCCCCATTTAGTCCAAACCAAAGAGGTGA,Pezizomycetes,Pezizales,Tuber,separans,LB058.2E,bright orange mantle; dischotomously branching,65,,
PM582C,LB058,Rose Canyon Rd.,2201,Parallel,CTGCGGAAGGATCATTACAAAATGTCTGGGATGTCCAATTTGGACTCCCAAGCAAAATACATCCATGTGTACTCTCCCATGTTGCTTCCCCAGACCAGTGGCCACTGCTGCCAGCCCCATCCCTTAACGGGTTTCAGGGTTGAGGTGTCTGGGGAAGGGCCCAATATCAAACTTTTGAACAAATTAGATGTCTGAGAAGGCCATGTGCCGTAACATATAAACTTGTTAAAACTTTCAACAACGGATCTCTTGGCTCTCGCATCGATGAAGAACGCAGCGAAATGCGATAAGTAATGTGAATTGCAGAATTCAGTGAATCATCGAATCTTTGAACGCACATTGCGCCCTTTGGTATTCCTTAGGGCATGCCTGTTCGAGCGTCACTAAAAACCCCCTCACACATAATGTGGTATTGGTAGAAGTGGATAGTACAAACACTACTTTGTCTTACTCTACTGAAATGAAAAGGCCAGAGAAGTGGACCATGGTAATAGACTCCAGGAGTGTTTTAAAATGCTAAACTAGTCTTAACCAAGTCATATTCTGAGCTACTGGACCCCCCATTTAGTCCAAACCAAAGAGGT,Pezizomycetes,Pezizales,Tuber,separans,LB058.2C,brown; thin; highly branching (possibly dead),20,,
PM573C,LB057,Rose Canyon Rd.,2201,Uphill,CTGCGGAAGGATCATTACAAAATGTCTGGGATGTCCAATTTGGACTCCCAAGCAAAATACATCCATGTGTACTCTCCCATGTTGCTTCCCCAGACCAGTGGCCACTGCTGCCAGCCCCATCCCTTAACGGGTTTCAGGGTTGAGGTGTCTGGGGAAGGGCCCAATATCAAACTTTTGAACAAATTAGATGTCTGAGAAGGCCATGTGCCGTAACATATAAACTTGTTAAAACTTTCAACAACGGATCTCTTGGCTCTCGCATCGATGAAGAACGCAGCGAAATGCGATAAGTAATGTGAATTGCAGAATTCAGTGAATCATCGAATCTTTGAACGCACATTGCGCCCTTTGGTATTCCTTAGGGCATGCCTGTTCGAGCGTCACTAAAAACCCCCTCACACATAATGTGGTATTGGTAGAAGTGGATAGTACAAACACTACTTTGTCTTACTCTACTGAAATGAAAAGGCCAGAGAAGTGGACCATGGTAATAGACTCCAGGAGTGTTTTAAAATGCTAAACTAGTCTTAACCAAGTCATATTCTGAGCTACTGGACCC,Pezizomycetes,Pezizales,Tuber,separans,LB057.3C,orange thick; mantle smooth,5,,
PM602B,LB060,Rose Canyon Rd.,2201,Parallel,CCCATGTTGCTTCCCCAGACCAGTGGCCACTGCTGCCAGCCCCATCCCTTAACGGGTTTCAGGGTTGAGGTGTCTGGGGAAGGGCCCAATATCAAACTTTTGAACAAATTANATGTCTGAGAAGGCCATGTGCCGTAACATATAAACTTGTTAAAACTTTCAACAACGGATCTCTTGGCTNTCGCATCGATGAAGAACGCANCGAAATGCGATAAGTAATGTGAATTGCANAATTCAGTGAATCATCGAATCTTTGAACGCACATTGCGCCCTTTGGTATTCCTTAGGGCATGCCTGTTCGAGCGTCACTAAAAACCCCCTCACACATAATGTGGTATTGGTAGAAGTGGATAGTACAAACACTACTTTGTCTTACTCTACTGAAATGAAAAGGCCAGANAAGTGGACCATGGTAATAGACTCCAGGAGTGTTTTAAAATGCTAAACTAGTCTTAACCAAGTCATATTCTGAGCTACTGGACCCCCCATTTAGTCCAAACCAAAGAGGT,Pezizomycetes,Pezizales,Tuber,separans,LB060.2B,"brownish, yellow; smooth; bumpy; singular",2,,
PM572C,LB057,Rose Canyon Rd.,2201,Parallel,CTGCGGAAGGATCATTACAAAATGTCTGGGATATCCAATTTGGACTCCCAAGCAAAATACATCCATGTGTACTCTCCCATGTTGCTTCCCCAGACCAGTGGCCACTGCTGCCAGCCCCATCCCTTAACGGGTTCCAGGGTTGAGGTGTCTGGGGAAGGGCCCAATATCAAACTTTTGAACAAATTAGATGTCTGAGAAGGCCATGTGCCGTAACATATAAACTTGTTAAAACTTTCAACAACGGATCTCTTGGCTCTCGCATCGATGAAGAACGCAGCGAAATGCGATAAGTAATGTGAATTGCAGAATTCAGTGAATCATCGAATCTTTGAACGCACATTGCGCCCTTTGGTATTCCTTAGGGCATGCCTGTTCGAGCGTCACTAAAAACCCCCTCACACATAATGTGGTATTGGTAGAAGTGGATAGTACGAACACTACTTTGTCTTACTCTACTGAAATGAATAGGCCAGAGAAGTGGACCATGGCAACAGACTCCAGGAGTGTTTCAAAATGCTAAACTAGTCTTAACCAAGTCATATTCTGAGCTACTGGACCCCCCATTTAGTCCAAACCAAAGAGGT,Pezizomycetes,Pezizales,Tuber,separans,LB057.2C,"orange, branching; grey below root tip",35,,
PM552C,LB055,Rose Canyon Rd.,2201,Parallel,CGGCCCCCTGGTTTCGCCGGCGGGAGCTGGGAGTGGATCAGGCTGGGTCGGGACGCGGGGAAACCTCCCGGGACGGGCAGATTGGACCTCGCTCGGCGCGAGCGGGGGCTACTCGCGTCGTGATGAAAACCCGCCCCGGGCGGCCCCGCGGCCCACGGTCGGGAACGTCGGAGGATCGCCTCGCCGCGAGGAGCCAACTTGGCGGCCGCCTCTGCCACCCCCTCCAGCGGGGAGATTGGAGCTCGCGCGTTGCTTGAAGACCCGACCCGTGACCACCGGTTCCCCCGAAACACTCTCGGCGACCGCCAGCCGGCGATTTTCCGAACCAAACTCTCCGCGTACACATCCCTGTTGCTTCCCCGGGCGCCGCCCCGGGGGAGGTCCCAGAGCGAACGATGCCGCCCAACCCACCAGCGTGTCCTCGGTCTGACGGCCATCGCGCCAAGGAAGAAATGGGAGAGCGAGGAATAAGAAAACAAAAAACTTTCAACAACGGATCTCTTGGTTCCCGCATCGATGAAGAACGCAGCGAAATGCGATAAGTAATGTGAATTGCAGAATTCAGTGAATCATCGAATCTTTGAACGCACATTGCGCCCCCTGGCACTCTGGGGGGCATGCCTGTTCGAGCGTCTCCAGCAAGAGCTCTCGCGCCAGTGAAGGCGCGGTCGTGGCGGCGGTGGCGTCCCCGAGCGGGCTGCCACCGGGCTGGAATGCATGGGCGGGACGCCTGCAGCGTGGCCGAGCGTGATATTTTGCTTCGGC,Pezizomycetes,Pezizales,Helvella,macropus,LB055.2C,"orange, smooth",78,,
PM603D,LB060,Rose Canyon Rd.,2201,Uphill,CAACAAGAGCAACATCAAAGTAGATTTGAGAAGGCGTGGGGTAGCCGCCTGCAAGATTCGGCCCCCTGGTTTCGCCGGCGGGAGCTGGGAGTGGATCAGGCTGGGTCGGGACGCGGGGAAACCTCCCGGGACGGGCAGATTGGACCTCGCTCGGCGCGAGCGGGGGCTACTCGCGTCGTGATGAAAACCCGCCCCGGGCGGCCCCGCGGCCCACGGTCGGGAACGTCGGAGGATCGCCTCGCCGCGAGGAGCCAACTTGGCGGCCGCCTCTGCCACCCCCTCCAGCGGGGAGATTGGAGCTCGCGCGTTGCTTGAAGACCCGACCCGTGACCACCGGTTCCCCCGAAACACTCTCGGCGACCGCCAGCCGGCGATTTTCCGAACCAAACTCTCCGCGTACACATCCCTGTTGCTTCCCCGGGCGCCGCCCCGGGGGAGGTCCCAGAGCGAACGATGCCGCCCAACCCACCAGCGTGTCCTCGGTCTGACGGCCATCGCGCCAAGGAAGAAATGGGAGAGCGAGGAATAAGAAAACAAAAAACTTTCAACAACGGATCTCTTGGTTCCCGCATCGATGAAGAACGCAGCGAAATGCGATAAGTAATGTGAATTGCAGAATTCAGTGAATCATCGAATCTTTGAACGCACATTGCGCCCCCTGGCACTCTGGGGGGCATGCCTGTTCGAGCGTCTCCAGCAAGAGCTCTCGCGCCAGTGAAGGCGCGGTCGTGGCGGCGGTGGCGTCCCCGAGCGGGCTGCCACCGGGCTGGAATGCATGGGCGGGACGCCTGCAGCGTGGCCGAGCGTGATATTTTGCTTCGGCGCCGGCTCGCGGCGAGGCTCCCGGCCCTGGCCCGTCCGTCGGGCGGGGGA,Pezizomycetes,Pezizales,Helvella,macropus,LB060.3D,"orange ; highly branching, smooth",62,,
PM593A,LB059,Rose Canyon Rd.,2201,Uphill,TTCGGCCCCCTGGTTTCGCCGGCGGGAGCTGGGAGTGGATCAGGCTGGGTCGGGACGCGGGGAAACCTCCCGGGACGGGCAGATTGGACCTCGCTCGGCGCGAGCGGGGGCTACTCGCGTCGTGATGAAAACCCGCCCCGGGCGGCCCCGCGGCCCACGGTCGGGAACGTCGGAGGATCGCCTCGCCGCGAGGAGCCAACTTGGCGGCCGCCTCTGCCACCCCCTCCAGCGGGGAGATTGGAGCTCGCGCGTTGCTTGAAGACCCGACCCGTGACCACCGGTTCCCCCGAAACACTCTCGGCGACCGCCAGCCGGCGATTTTCCGAACCAAACTCTCCGCGTACACATCCCTGTTGCTTCCCCGGGCGCCGCCCCGGGGGAGGTCCCAGAGCGAACGATGCCGCCCAACCCACCAGCGTGTCCTCGGTCTGACGGCCATCGCGCCAAGGAAGAAATGGGAGAGCGAGGAATAAGAAAACAAAAAACTTTCAACAACGGATCTCTTGGTTCCCGCATCGATGAAGAACGCAGCGAAATGCGATAAGTAATGTGAATTGCAGAATTCAGTGAATCATCGAATCTTTGAACGCACATTGCGCCCCCTGGCACTCTGGGGGGCATGCCTGTTCGAGCGTCTCCAGCAAGAGCTCTCGCGCCAGTGAAGGCGCGGTCGTGGCGGCGGTGGCGTCCCCGAGCGGGCTGCCACCGGGCTGGAATGCATGGGCGGGACGCCTGCAGCGTGGCCGAGCGTGATATTTTGCTTCGGCGCCGGCTCGCGGCGAGGCTCCCGGCCCTGGCCCGTCCGTCGGGCGGGG,Pezizomycetes,Pezizales,Helvella,macropus,LB059.3A,orange; singular along root; minute hyphae,94,,
PM601F,LB060,Rose Canyon Rd.,2201,Downhill,CAAGATTCGGCCCCCTGGTTTCGCCGGCGGGAGCTGGGAGTGGATCAGGCTGGGTCGGGACGCGGGGAAACCTCCCGGGACGGGCAGATTGGACCTCGCTCGGCGCGAGCGGGGGCTACTCGCGTCGTGATGAAAACCCGCCTCGGGCGGCCCGCGGCCCACGGTCGGGAACGTCGGAGGATCGCCTCGCCGCGAGGAGCCAACTTGGCGGCCGCCTCTGCCACCCCCTCCAGCGGGGAGATTGGAGCTCGCGCGTTGCTTGAAGACCCGACCCGTGACCACCGGTTCCCCCGAAACACTCTCTGCGACCGCCAGCCGGCGATTTCCAAACCAAACTCTCCGCGTACACATCCCTGTTGCTTCCCCGGGCACCGCCCCGGGGGAGGTCCCAGAGCGAACGATGCCGCCCAACCCACCAGCGTGTCCTCGGTCTGACGGCCATCGCGCCAGGGAAGAATGGGGAGAGCGAGGAATAAGGAAACAAAAAACTTTCAACAACGGATCTCTTGGTTCCCGCATCGATGAAGAACGCAGCGAAATGCGATAAGTAATGTGAATTGCAGAATTCAGTGAATCATCGAATCTTTGAACGCACATTGCGCCCCCTGGCACTCTGGGGGGCATGCCTGTTCGAGCGTCTCCAGCAAGAGCTCTCGCGCCAGTGAAGGCGCGGTCGTGGCGGCGGTGGCGTCCCCGAGCGGGCTGCCACCGGGCTGGAATGCATGGGCGGGACGCCTGCAGCGTGGCCGAGCGTGATATTTCGCTT,Pezizomycetes,Pezizales,Helvella,macropus,LB060.1F,orange; very highly branching,142,,
PM553A,LB055,Rose Canyon Rd.,2201,Uphill,CTGCGGAAGGATCATTATTGTAACAATGGGGGTGCAAGGGTTGTCGCTGACCTTCAAAGGTTGTGCACGCCTGAGCATCCTCACACATCCATCTCACCCCTTTGTGCATCACCGCGTGGGTCTCCTTTTCACAAAGGAGCTCACGTTTTCACACAAAACTTGATACAGTGTAGAATGTTATCTTTGCGGTCACACGCAATCAATACAACTTTCAACAACGGATCTCTTGGCTCTCGCATCGATGAAGAACGCAGCGAAATGCGATACGTAATGTGAATTGCAGAATTCAGTGAATCATCGAATCTTTGAACGCACCTTGCGCCCCTTGGCATTCCGAGGGGCACACCCGTTTGAGTGTCGTGAAACCCTCAAAGATCCTTTTTGGACTTACTGAAAAGGATTTTTGGACTTGGAGGTTTAATGCTTGCCTTTCACCTTTGAAAGTGAGCTCCTCTCAAATGAATTAGTGGGGTCTGCTTTGCTCGATCCTTGACGTGATAAGATGTTTCTACGTTTTGGATTTTGGCACTGTTCCTTGGACGCCTGCTTCTAACTGTCTCACAGACAATGGATGGTGATCCGGTCTCCACCGCCTAACGTCGGTGGGAGGCTGGACCCACGAATGAAA,Agaricomycetes,Russulales,Russula,,LB055.3A,"tan, brown with white apex",43,,
PM553D,LB055,Rose Canyon Rd.,2201,Uphill,CTGCGGAAGGATCATTATTGTAACAATGGGGGTGCAAGGGTTGTCGCTGACCTTCAAAGGTTGTGCACGCCTGAGCATCCTCACACATCCATCTCACCCCTTTGTGCATCACCGCGTGGGTCTCCTTTTCACAAAGGAGCTCACGTTTTCACACAAAACTTGATACAGTGTAGAATGTTATCTTTGCGGTCACACGCAATCAATACAACTTTCAACAACGGATCTCTTGGCTCTCGCATCGATGAAGAACGCAGCGAAATGCGATACGTAATGTGAATTGCAGAATTCAGTGAATCATCGAATCTTTGAACGCACCTTGCGCCCCTTGGCATTCCGAGGGGCACACCCGTTTGAGTGTCGTGAAACCCTCAAAGATCCTTTTTGGACTTACTGAAAAGGATTTTTGGACTTGGAGGTTTAATGCTTGCCTTTCACCTTTGAAAGTGAGCTCCTCTCAAATGAATTAGTGGGGTCTGCTTTGCTCGATCCTTGACGTGATAAGATGTTTCTACGTTTTGGATTTTGGCACTGTTCCTTGGACGCCTGCTTCTAACTGTCTCACAGACAATGGATGGTGATCCGGTCTCCACCGCCTAACGTCGGTGGGAGGCTGGACCCACGAATGAAAACCTTGACCTCAAATCGGGTGAGACTACCCGCTGAACTTAAGCATATCAA,Agaricomycetes,Russulales,Russula,,LB055.3D,0,0,,
PM593F,LB059,Rose Canyon Rd.,2201,Uphill,CTGCGGAAGGATCATTAACGAATTAGAGAGTTGATGCTGGTAGTCTGACTACATGTGCTCGCTCTCCTAATCCCACTTACACCTGTGCACTTTAACTTTGGAGGGAGGGTAAAACCTGCCTTCGAAATTCACAAACTCTTGTTTTTAAATTATGAATGTTTATCTGCCGCAAGGCAAAATTTAATACAACTTTTAACAACGGATCTCTTGGCTCTCGCATCGATGAAGAACGCAGCGAAATGCGATAAGTAATGTGAATTGCAGAATTCAGTGAATCATCGAATCTTTGAACGCACCTTGCGCTCCCTGGTATTCCGGGGAGCACGCCTGTTCGAGTGTCATGAAACTCTCAAACAAGGTAGATTTGTTTCTACCTCTGTTTGGATTTGGACTCTGCTGCGTCAATGCGGCTGGTCTTAAATATATTAGCTGATCCTAGCGAAGGTTTGGTTCTACTCAGCATGATAATTATCTGATGTTGAGGACAGTCTTAGGACTGGCCAGGCTCTCTCTATGGATTGCTTCTAATCGTCTTTGGACAATCAT,Agaricomycetes,Cantharellales,Sistotrema,,LB059.3F,tan ; very fuzzy with cottony white hyphae,20,"Wood saprobe, possibly",
PM552G,LB055,Rose Canyon Rd.,2201,Parallel,CTGCGGAAGGATCATTATAGAGAGCTCTGGCTCCCTGTATGCTATTTACCATAATGATATTTTATTCCATGTTGCTTCCACCACCGTCATGGTGGTGGGGGGCTTTTTCATACTATTCTTTTTGCTTGGACTTTAAATTTGTCTGAATATGAGGGAAAATATTACAAAACTTTCAACAACGGATCTCTTGGCTCCTGCATCGATGAAGAACGCAGCGAAATGCGATAATTAATGTGAATTGCAGAATTCCGTGAATCATCGAGTCTTTGAACGCACATTGCGCCTCATGGTATTCCGTGAGGCATGCCCATCTCAGCGTTATTAAATATCATCAAATTTTGACCCTGTGTCAATATTTGGATCATGTCAAGGAAGCTATTTCTGTTAGTATGGATAGCTCCTTGGAAATTCATAGGTATTAAAGTTGCTATCATTGGAACGTGATGAAAATTCCTTCGTTCAAATGTAGTTCACTTATATAGTCCCGAAACTTATATACCTTGTTGGTATTTTGTTAATTTGACCTGAGAT,Pezizomycetes,Pezizales,Hydnobolites,cerebriformis,LB055.2G,orange highly branching; thick black rhizomorphs,32,Hypogeous; Kimbrough et al. 1991,
PM552E,LB055,Rose Canyon Rd.,2201,Parallel,TGCGGAAGGATCATTATAGAGAGCTCTGGCTCCCTGTATGCTATTTACCATAATGATATTTTATTCCATGTTGCTTCCACCACCGTCATGGTGGTGGGGGGCTTTTTCATACTATTCTTTTTGCTTGGACTTTAAATTTGTCTGAATATGAGGGAAAATATTACAAAACTTTCAACAACGGATCTCTTGGCTCCTGCATCGATGAAGAACGCAGCGAAATGCGATAATTAATGTGAATTGCAGAATTCCGTGAATCATCGAGTCTTTGAACGCACATTGCGCCTCATGGTATTCCGTGAGGCATGCCCATCTCAGCGTTATTAAATATCATCAAATTTTGACCCTGTGTCAATATTTGGATCATGTCAAGGAAGCTATTTCTGTTAGTATGGATAGCTCCTTGGAAATTCATAGGTATTAAAGTTGCTATCATTGGAACGTGATGAAAATTCCTTCGTTCAAATGTAGTTCACTTATATAGTCCCGAAACTTATATACCTTGTTGGTATTTTGTTAATTTGACCTGAGAT,Pezizomycetes,Pezizales,Hydnobolites,cerebriformis,LB055.2E,orange; growing on same branches as black fuzzy root tips,14,Hypogeous; Kimbrough et al. 1991,
PM572G,LB057,Rose Canyon Rd.,2201,Parallel,CTGCGGAAGGATCATTAAAAGTATATAGTTATACATTCTGTGTATCGACTAAATATACCCATTCTGAGTACGTCGCCTGTTGCTTCCACGGAGCCTGACACATGTCACTCTGGGGATTTACATCCCGAGGGAGCCTCCGTGGAAGGTAATCAATTAACTCTTGAATCCAATGTCATCTGTCTGATAATGTTTATAACAAATGTTAAAACTTTCAACAACGGATCTCTTGGTTCTCGCATCGATGAAGAACGCAGCGAAATGCGATAAGTAGTGTGAATTGCAGAATTCAGTGAATCATCGAATCTTTGAACGCACATTGCGCCTCCTGGTATTCCGGGAGGCATGCCTGTTCGAGCGTCATTAAATACCACTCAAGCTCTTCTGCTTGGTCATGGAAGAAGAGAATGCTTGCATCCTCTCTTCTGAAATCGAACGGCGGACTGCCTCATGTGCCTTGCGTAGTAAGTTCATCTTTTCGCTTGGAGTGTGAGATAGTCTCGCCATCAACCCCCATACTTCTAAGGT,Pezizomycetes,Pezizales,,,LB057.2G,red/brown; singular,11,,
PM571B,LB057,Rose Canyon Rd.,2201,Downhill,CACGCCCGAGCACTCTCGCCACAATCCATCTCACCCCTTTGTGCATCACCGCGTGGGTCCCCCTTTGCGGGGAGGGCTCGCGTTTTCACACAAAACTTGATACAGTCTAGAATGTTTATTTTTGCGGTAACACGCAATCAATACAACTTTCAACAACGGATCTCTTGGCTCTCGCATCGATGAAGAACGCAGCGAAATGCGATACGTAATGTGAATTGCAGAATTCAGTGAATCATCGAATCTTTGAACGCACCTTGCGCCCCTTGGCATTCCGAGGGGCACACCCGTTTGAGTGTCGTGAAATTCTCAAAATCCTTTTCTTTGATCGGAATAGGACTTTTGGACTTGGAGGTTCAATGCTCGCTTTCGCCTTTGAAAGCG,Agaricomycetes,Russulales,Russula,,LB057.1B,grey-ish brown almost purple hued,1,,
PM571A,LB057,Rose Canyon Rd.,2201,Downhill,CACGCCCGAGCACTCTCGCCACAATCCATCTCACCCCTTTGTGCATCACCGCGTGGGTCCCCCTTTGCGGGGAGGGCTCGCGTTTTCACACAAAACTTGATACAGTCTAGAATGTTTATTTTTGCGGTAACACGCAATCAATACAACTTTCAACAACGGATCTCTTGGCTCTCGCATCGATGAAGAACGCAGCGAAATGCGATACGTAATGTGAATTGCAGAATTCAGTGAATCATCGAATCTTTGAACGCACCTTGCGCCCCTTGGCATTCCGAGGGGCACACCCGTTTGAGTGTCGTGAAATTCTCAAAATCCTTTTCTTTGATCGGAATAGGACTTTTGGACTTGGAGGTTCAATGCTCGCTTTCGCCTTTGAAAGC,Agaricomycetes,Russulales,Russula,,LB057.1A,orange branching; appears striped,33,,
PM592D,LB059,Rose Canyon Rd.,2201,Parallel,GCACTCTCGCCACAATCCATCTCACCCCTTTGTGCATCACCGCGTGGGTCCCCCTTTGCGGGGAGGGCTCGCGTTTTCACACAAAACTTGATACAGTCTAGAATGTTTATTTTTGCGGTAACACGCAATCAATACAACTTTCAACAACGGATCTCTTGGCTCTCGCATCGATGAAGAACGCAGCGAAATGCGATACGTAATGTGAATTGCAGAATTCAGTGAATCATCGAATCTTTGAACGCACCTTGCGCCCCTTGGCATTCCGAGGGGCACACCCGTTTGAGTGTCGTGAAATTCTCAAAATCCTTTTCTTTGATCGGAATAGGACTTTTGGACTTGGAGGTTCAATGCTCGCTTTCGCCTTTGAAAGCGTGCCATCTATGGCGAAAGGCTGAACCCACAAAAAACCTTGACCTCAAATCG,Agaricomycetes,Russulales,Russula,,LB059.2D,"orange, smooth, highly branching",117,,
PM592B,LB059,Rose Canyon Rd.,2201,Parallel,AGCACTCTCGCCACAATCCATCTCACCCCTTTGTGCATCACCGCGTGGGTCCCCCTTTGCGGGGAGGGCTCGCGTTTTCACACAAAACTTGATACAGTCTAGAATGTTTATTTTTGCGGTAACACGCAATCAATACAACTTTCAACAACGGATCTCTTGGCTCTCGCATCGATGAAGAACGCAGCGAAATGCGATACGTAATGTGAATTGCAGAATTCAGTGAATCATCGAATCTTTGAACGCACCTTGCGCCCCTTGGCATTCCGAGGGGCACACCCGTTTGAGTGTCGTGAAATTCTCAAAATCCTTTTCTTTGATCGGAATAGGACTTTTGGACTTGGAGGTTCAATGCTCGCTTTCGCCTTTGAAAGCG,Agaricomycetes,Russulales,Russula,,LB059.2B,"Dark brown, fades to orange tip, yellow middle",19,,
PM562B,LB056,Rose Canyon Rd.,2201,Parallel,CTGCGGAAGGATCATTATTGAAAAACTACTCTTAGTTTTTTATATCCCATTGTATTATCCACCCTGTTGCTTCTACTGGACTGTTTTACTTGTAGGTAAGATTTACCTCTAAGTAAAACCTCAGGCTTGTGTGAACCACACTTGCCAGAGAGCTGCCAGTAGCAAGACCAATTGCTAAAACTTTGTTGTGAAATATACTGTCTGAATTTTGTTTCTTGAAAATGAAATAAAACTTTCAACAACGGATCTCTAGGCTCTTGCATCGATGAAGAACGCAGTGAAATGCGATAAGTAATGTGAATTGCAGAATCTCGTGAATCATTGAATCTTTGAACGCACATTGCGCCCTATGGTATTCCATAGGGCATACCTGTTTGAGCGTTAGCTCCCCACCCTTCTCAAGCATTATTTTATAATGTTTGGATTTATTTGGAGAGGCACCTCTGTCATGGAGGTACCCTTCAGAAATGAATATGGCAGTATAGTTTATATCTGAACTAGGCGTAATAATAAAGTCGCTGAGTTTATCATATTTATACTTGCCTGAACCCACCCA,Pezizomycetes,Pezizales,Peziza,,LB056.2B,"orange, smooth; highly branching",46,,
PM562A,LB056,Rose Canyon Rd.,2201,Parallel,CTGCGGAAGGATCATTATTGAAAAACTACTCTTAGTTTTTTATATCCCATTGTATTATCCACCCTGTTGCTTCTACTGGACTGTTTTACTTGTAGGTAAGATTTACCTCTAAGTAAAACCTCAGGCTTGTGTGAACCACACTTGCCAGAGAGCTGCCAGTAGCAAGACCAATTGCTAAAACTTTGTTGTGAAATATACTGTCTGAATTTTGTTTCTTGAAAATGAAATAAAACTTTCAACAACGGATCTCTAGGCTCTTGCATCGATGAAGAACGCAGTGAAATGCGATAAGTAATGTGAATTGCAGAATCTCGTGAATCATTGAATCTTTGAACGCACATTGCGCCCTATGGTATTCCATAGGGCATACCTGTTTGAGCGTTAGCTCCCCACCCTTCTCAAGCATTATTTTATAATGTTTGGATTTATTTGGAGAGGCACCTCTGTCATGGAGGTACCCTTCAGAAATGAATATGGCAGTATAGTTTATATCTGAACTAGGCGTAATAATAAAGTCGCTGAGTTTATCATATTTATACTTGCCTGAACCCACCCATTGTTAAATCGG,Pezizomycetes,Pezizales,Peziza,,LB056.2A,"orange, small along root",8,,
PM582A,LB058,Rose Canyon Rd.,2201,Parallel,TATCGAAAGCTCTGGCTTTTGCTGTGCCTTGAACCCTTTGATGTATAAAACCTTTGTTGCTTCCATCGGCCGATGCCCCAAAACTGCGGCATCGACTGATGGAGGGTATTTGAGAACTTGGCTGTTTTAAATGGTTATTAGTCTGAAAGATTTGACATGAAAATGCTCAAATAATAAAACTTTCAACAACGGATCTCTTGGCTCCTGCATCGATGAAGAACGCAGCGAAATGCGATAAGTAATGTGAATTGCAGAATTCAGTGAATCATCGAGTCTTTGAACGCACATTGCGCCCTATGGTTATTCCGTAGGGCATGCCCGTCTCAGCGTCAGAAGAAAAACCCTCAGGCAAGGCTTTGATGCCATGCCTGGATTATGTCAGAGCGGCAGCAGACCTGAGGTCATTCTGCCCTTTGTAAAACCATGGATGTATTGAAGATTTGTTTCATTCCAACGTGATAGAATATTTGATTCGTTGGTATCAATTATCTGCACATATTTCCAAAAAAAA,Pezizomycetes,Pezizales,,,LB058.2A,"orange mantle, singular along root",27,,
PM581C,LB058,Rose Canyon Rd.,2201,Downhill,CTGCGGAAGGATCATTATCGAAAGCTCTGGCTTTTGCTGTGCCTTGAACCCTTTGATGTATAAAACCTTTGTTGCTTCCATCGGCCGATGCCCCAAAACTGCGGCATCGACTGATGGAGGGTATTTGAGAACTTGGCTGTTTTAAATCGTTATTAGTCTGAAAGATTTGACATGAAAATGCTCAAATAATAAAACTTTCAACAACGGATCTCTTGGCTCCTGCATCGATGAAGAACGCAGCGAAATGCGATAAGTAATGTGAATTGCAGAATTCAGTGAATCATCGAGTCTTTGAACGCACATTGCGCCCTATGGTTATTCCGTAGGGCATGCCCGTCTCAGCGTCAGAACAAAAACCCTCAGGCAAGGCTTTGATGCCATGCCTGGATTGTGTCAGAGCGGCAGCAGACCTGAGGTCATTTTGCCCTTTGTAAAACCATGGATGTATTGAAGATTTGTTTCATTCCAACGTGATAGAATATTTGATTCGTTGGTATCAATTATCTGCACATATTTCCAAAAAAAAAGAACCCACAAAATTGTTGACATATTTGACCTGAGATCGGGTAGGGATACCCGCTGAACTTAAGCATATC,Pezizomycetes,Pezizales,,,LB058.1C,"yellow tan, smooth",13,,
PM552D,LB055,Rose Canyon Rd.,2201,Parallel,CTGCGGAAGGATCATTACTGAATTGTCAACAAGAGTTGTTGCTGGTCTTCAAAACGAGGGCATGTGCACGCTCTGTTTACAAATCCACTCACACCTGTGCACTTTCTGTAGTTCTATAGTCAGGGAGGCCCTGCCTTCCTTCTGTAGTCCTATATCTCTTCACACACACACACACACTCGGTGATAAAGTCTCGTGGAATGTATGCCGCGTTTAACGCAATACAATACAACTTTCAGCAACGGATCTCTTGGCTCTCGCATCGATGAAGAACGCAGCGAAATGCGATAAGTAATGTGAATTGCAGAATTCAGTGAATCATCGAATCTTTGAACGCACCTTGCGCCCTTTGGCTATTCCGAAGGGCATGCCTGTTTGAGCATCATAAACATCTCAACTCTCATGGTTTCCCATGATGAGATTGGACTTTGGGGGTCTTGTTGGCTTGTGTTCAGCTCCCCTCAAATCTATCAGCTTCCCAGTGTTTGGCGGCATCACAGGTGTGATAAATATCTACGCTTGTGGTTCTTTGCCAGGTCTGTCCTCTCCTTGTAGAGGGCTCACTGGAGCTCATAGATGTCTCTCCTTTGTGGAGACAGCTGTTTGAAGTT,Agaricomycetes,Thelephorales,Tomentella,,LB055.2D,"tan, brown; cottony white hyphae; branching",3,,
PM563B,LB056,Rose Canyon Rd.,2201,Uphill,CTGCGGAAGGATCATTATTGAATAAACCTGATGTGACTGTTAGCTGGCTTTTCGAAGCATGTGCTCGTCCATCATCTTTATCTCTCCACCTGTGCACATTTTGTAGTCTTGGATACCTCTCGAGNAAACTCGGATTTTAGGATCGCCGTGCTGTACAAGTCGGCTTTTCTTTCATTTCCAAGACTATGTTTTTATATACACCAAAGTATGTTTATAGAATGTCATCAATGGGAACTTGTTTCCTATAAAATTATACAACTTTCAGCAACGGATCTCTTGGCTCTCGCATCGATGAAGAACGCAGCGAAATGCGATAAGTAATGTGAATTGCAGAATTCAGTGAATCATCGAATCTTTGAACGCACCTTGCGCTCCTTGGTATTCCGAGGAGCATGCCTGTTTGAGTGTCATTAAATTCTCAACCTTCCAACTTTTATTAGCTTGGTTAGGCTTGGATGTGGGGGTTTGCGGGCTTCATCACTGAGGTCGGCTCTCCTTAAATGCATTAGCGGAACTTTTGTGGACCGTCTATTGGTGTGATAATTATCTACGCTGTGGA:TGTGAAGCAGCTTTATGAAGTTCTGCTTCTAACCGTCCATTGACTTGGACAATTTTGACAATT,Agaricomycetes,Agaricales,Laccaria,,LB056.3B,"orange, branching with stripping",31,Brown rot,
PM551A,LB055,Rose Canyon Rd.,2201,Downhill,CTGCGGAAGGATCATTATCGAATTATAGGCGAGGGTTGTAGCTGGCCTCTCGAGGCACGTGCACGCCCGAGCCCTTGAATCCCACGACACACCTGTGAACCCACCGTAGGCCTTCGGGCTTATGCATCGTTAATATTACGCCGTATGTGACATAGAATGTTAGAGACGAATGGGAAAAAAAATGATAATACAACTTTCAACAACGGATCTCTTGGCTCTCGCATCGATGAAGAACGCAGCGAAATGCGATAAGTAATGTGAATTGCAGATTTTCAGTGAATCATCGAATCTTTGAACGCACCTTGCGCCCCTTGGTATTCCGAGGGGCATGCCTGTTTGAGTGTCATTAAATCCTCAACCCCTCAGGGGGCTTGGACTTTGGAGCGTGCTGGCGGTGATCGTCGGCTCCTCTTTAAATGCATCAGCGGAACCCTCGTTCCCCGTTTCGGCGTGATAGATTTATGTTGCGCCGCGTAGGGGGGCGGTCAAGTGGTTTTTCCGCTTCCAATCGTCCTCGGACAAAAGA,Agaricomycetes,Atheliales,,,LB055.1A,orangey-tan with fuzzy hyphae,1,,
PM593C,LB059,Rose Canyon Rd.,2201,Uphill,CTGCGGAAGGATCATTACCGAATTGTCAACACGAGTTGTTGCTGGTCCTCAGACGAGGGCATGTGCACGCTCTGTTTACACATCCACTCACACCTGTGCACCCTCTGTAGTTCTATGGTCTGAGGGGCTCTGTCCTCTCGCCGTGGCTCTATGTCTTTACACACGCACTGTAATAAAGTTTCATGGAATGCATGACGCGTTTAACGCAATACAATACAACTTTCAGCAACGGATCTCTTGGCTCTCGCATCGATGAAGAACGCAGCGAAATGCGATAAGTAATGTGAATTGCAGAATTCAGTGAATCATCGAATCTTTGAACGCACCTTGCGCCCTTTGGCTATTCCAGAGGGCATGCCTGTTTGAGTATCATGAACACCTCAACTCTCACGGTTTGCCGTGATGAGCTTGGACTTTGGAGGTCTTGCCGGCCTGTGGTTGGCTCCTCTCAAATGAATCAGCTTGCCAGTGTTTGGTGGCATCCCAGGTGTGATAACTATCTACGCTTGTGGCTTTCCACCAGGTAACCTTCAGCGATGGAGGTTCGCTGGGGCTCACAAATGTCTCTCCCAAGTGAGGACGGCTTCTTGAATGTT,Agaricomycetes,Thelephorales,Tomentella,,LB059.3C,orange; looks striped with black hyphae,106,,
PM551C,LB055,Rose Canyon Rd.,2201,Downhill,CTGCGGAAGGATCATTACTGAATTGTCAACAAGAGTTGTTGCTGGTCCCCAGATGGGGGCATGTGCACGCTCTGTTAACACATCCACTCACACCCTGTGCACCCTCTGCAGTTCTATGGTTGGGGGGGGACCTGTCCTCTCCTGCTGTGGTTCTGCATCTTTACATACACACTGTAACAAAGTCTCATGGAATGCATGCTGCGTTTAACGCAATAAAATACAACTTTCAGCAACGGATCTCTTGGCTCTCGCATCGATGAAGAACGCAGCGAAATGCGATAAGTAATGTGAATTGCAGAATTCAGTGAATCATCGAATCTTTGAACGCACCTTGCGCCCTTTGGCATTCCGAAGGGCATGCCTGTTTGAGTATCATGAACACCTCAACTCTTCATGGTTTTCCATGATGAGCTTGGACTTTGGGGGTCTTGCTGGCCTGCAGGTCAGCTCCTCTCAAATGAATCAGCTTGCCAGTGTTTGGTGGGCATCACAGGTGTGATAACTATCTACGCTTGTGGTTTTCCACCAGGTAACCTTCAGCAATGGAGGTTCGCTGGAGCTCACAG,Agaricomycetes,Thelephorales,Tomentella,,LB055.1C,"dark, brown; smooth; branching",8,,
PM573E,LB057,Rose Canyon Rd.,2201,Uphill,CTGCGGAAGGATCATTACTGAATTGTCAACAAGAGTTGTTGCTGGTCCCCAGATGGGGGCATGTGCACGCTCTGTTAACACATCCACTCACACCCTGTGCACCCTCTGCAGTTCTATGGTTGGGGGGGGACCTGTCCTCTCCTGCTGTGGTTCTGCATCTTTACATACACACTGTAACAAAGTCTCATGGAATGCATGCTGCGTTTAACGCAATAAAATACAACTTTCAGCAACGGATCTCTTGGCTCTCGCATCGATGAAGAACGCAGCGAAATGCGATAAGTAATGTGAATTGCAGAATTCAGTGAATCATCGAATCTTTGAACGCACCTTGCGCCCTTTGGCATTCCGAAGGGCATGCCTGTTTGAGTATCATGAACACCTCAACTCTTCATGGTTTTCCATGATGAGCTTGGACTTTGGGGGTCTTGCTGGCCTGCAGGTCAGCTCCTCTCAAACGAATCAGCTTGCCAGTGTTTGGTGGGCATCACAGGTGTGATAACTATCTACGCTTGTGATTTTCCACCAGGTAACCTTCAGCAATGGAGGTTCGCTGGAGCTCACAGACGTCTCTCCTCAGTGAGGACAGCCCTTTGGATGTT,Agaricomycetes,Thelephorales,Tomentella,,LB057.3E,black brown; smooth; singular,1,,
PM571C,LB057,Rose Canyon Rd.,2201,Downhill,CTGCGGAAGGATCATTACTGAATTGTCAACAAGAGTTGTTGCTGGTCCCCAGATGGGGGCATGTGCACGCTCTGTTAACACATCCACTCACACCCTGTGCACCCTCTGCAGTTCTATGGTTGGGGGGGGACCTGTCCTCTCCTGCTGTGGTTCTGCATCTTTACATACACACTGTAACAAAGTCTCATGGAATGCATGCTGCGTTTAACGCAATAAAATACAACTTTCAGCAACGGATCTCTTGGCTCTCGCATCGATGAAGAACGCAGCGAAATGCGATAAGTAATGTGAATTGCAGAATTCAGTGAATCATCGAATCTTTGAACGCACCTTGCGCCCTTTGGCATTCCGAAGGGCATGCCTGTTTGAGTATCATGAACACCTCAACTCTTCATGGTTTTCCATGATGAGCTTGGACTTTGGGGGTCTTGCTGGCCTGCAGGTCAGCTCCTCTCAAACGAATCAGCTTGCCAGTGTTTGGTGGGCATCACAGGTGTGATAACTATCTACGCTTGTGATTTTCCACCAGGTAACCTTCAGCAATGGAGGTTCGCTGGAGCTCACAGATGTCTCTCCTCAGTGAGGACAGCCCTTTGAATGTT,Agaricomycetes,Thelephorales,Tomentella,,LB057.1C,"brown, black; smooth; highly branching",26,,
PM563E,LB056,Rose Canyon Rd.,2201,Uphill,TAGATAGTTATCACACCAATGAACGGTCAACCAAATTGTTCCGCTAATGCATTTTAGGGGAGCCGACCTCAAAAGAGACCAGCAAAAGACCCCCACATCCAAACACTCGACAGGTCAAAACCTGAGGAGGTTGATATATTAATGACACTCAAACAGGCATGCTCCTCGGAATACCAAGGAGCGCAAGGTGCGTTCAAAGATTCGATGATTCACTGAATTCTGCAATTCACATTACTTATCGCATTTCGCTGCGTTCTTCATCGATGCGAGAGCCAAGAGATCCGTTGCTGAAAGTTGTATAACGTTTGTAGGCACAAAGGCCTTTTT,Agaricomycetes,Agaricales,Cortinarius,,LB056.3E,"brown, thin with long yellow rhizomorphs",17,,
PM563C,LB056,Rose Canyon Rd.,2201,Uphill,AGATAGTTATCACACCAATGAACGGTCAACCAAATTGTTCCGCTAATGCATTTTAGGGGAGCCGACCTCAAAAGAGACCAGCAAAAGACCCCCACATCCAAACACTCGACAGGTCAAAACCTGAGGAGGTTGATATATTAATGACACTCAAACAGGCATGCTCCTCGGAATACCAAGGAGCGCAAGGTGCGTTCAAAGATTCGATGATTCACTGAATTCTGCAATTCACATTACTTATCGCATTTCGCTGCGTTCTTCATCGATGCGAGAGCCAAGAGATCCGTTGCTGAAAGTTGTATAACGTTTGTAGGCACAAAGGCCTTTTT,Agaricomycetes,Agaricales,Cortinarius,,LB056.3C,tan with white tip; very fuzzy with brown and yellow hyphae,42,,
PM582B,LB058,Rose Canyon Rd.,2201,Parallel,CTGCGGAAGGATCATTATCAAAAAAAATTCATTTTTTTTGAAATATTTTTCCATTTTCCCTTGTGTATCTATTCCATGTTGCTTCCACTAGACAGGTGATTATATATAGTTAGAATGTTTTCTCCATTTGAAACCATTGCTACCGTATATACTTACCCTTCATACCTCAAGTGTTTTTGTTTTAAACACTTATGGGGCGTGGAGAAATGTCAGTGGATGGCCGTAATTTTAAAGAGCAGTTTTTTATATATAGTCTGATAAGAGTTATAATAAATAAAAAAAAACTTTCAACAACGGATCTCTAGGCTCTTGCATCGATGAAGAACGCAGTGAAATGTGATAAGTAATGTGAATTGCAGAATCTCGTGAATCATCGAATCTTTGAACGCACATTGCGCCCAATGGTATTCCATTGGGCATACCTGTTTGAGTATCAGAATCCTTTCAATTATCAAACTTTTACATATAGAGATATATGTAAAGATGTTTGGAATACAATTGAGAAAAGTAATATTCTTTATAGTATTGCTTTCTTAAAAACCAGAAATACTATGTTTTGATTTT,Pezizomycetes,Pezizales,Pachyphlodes,,LB058.2B,reddish brown tip; desiccated root below,11,,
PM583D,LB058,Rose Canyon Rd.,2201,Uphill,CTGCGGAAGGATCATTATCAAAAAAAATTCATTTTTTTTGAAATATTTTTCCATTTTCCCTTGTGTATCTATTCCATGTTGCTTCCACTAGACAGGTGATTATATATAGTTAGAATGTTTTCTCCATTTGAAACCATTGCTACCGTATATACTTACCCTTCATACCTCAAGTGTTTTTGTTTTAAACACTTATGGGGCGTGGAGAAATGTCAGTGGATGGCCGTAATTTTAAAGAGCAGTTTTTTATATATAGTCTGATAAGAGTTATAATAAATAAAAAAAAACTTTCAACAACGGATCTCTAGGCTCTTGCATCGATGAAGAACGCAGTGAAATGTGATAAGTAATGTGAATTGCAGAATCTCGTGAATCATCGAATCTTTGAACGCACATTGCGCCCAATGGTATTCCATTGGGCATACCTGTTTGAGTATCAGAATCCTTTCAATTATCAAACTTTTACATATAGAGATATATGTAAAGATGTTTGGAATACAATTGAGAAAAGTAATATTCTTTATAGTATTGCTTTCTTAAAAACCAGAAATACTATGTTTTGATTTTTCTTCACCTCATTTTGTATATCAATTAACAAATGAGTATGAGTAAAAATATACAATACTTTGGATGACCTCAA,Pezizomycetes,Pezizales,Pachyphlodes,,LB058.3D,"bright orange, bifurcating; below orange mantle at tip; fuzzy brown hyphae",18,,
PM591D,LB059,Rose Canyon Rd.,2201,Downhill,CTGCGGAAGGATCATTATCGTACTACAGAGGCGTGAGGGTTGTCGCTGACCTTTCTAAAAAGTCGTGCACGCCCGAGCGCTCTCAATCCATTTCACCCTTTGTGCATCACCGCGCGGGGTCGCTCCCTCTTGGCTCGCTTCGAGAGGGGGAGGCTCGCGTTTTTCACACATAAACACCCTTACAGTTTAGAATGTCATTAGTTTGCGATCACACGCAATCAATACAACTTTCAACAACGGATCTCTTGGCTCTCGCATCGATGAAGAACGCAGCGAAATGCGATACGTAATGTGAATTGCAGAATTCAGTGAATCATCGAATCTTTGAACGCATCTTGCGCCCCTTGGTATTCCGAGGGGCACACCCGTTTGAGTGTCGTGAAATTCTCAAACCTTCTTGGTTTCTCGATCAAGATGGCTTTGGACTTTGGAGGCGTTTTGCTGGCTTTGCGAAAAGTCAGCTCCTCTTAAATACATTAGTGGGGTCCCCTTTGCCGATCCCCAGGCGTGATAAGATGTTTCTACGTCTTGGGATTTGCTCTGTTCCTTGGGAACCCGCTTCTAACCGTCTCATGAGAGACACAGTTCGAGTTTGCTCGACGCACGAACCT,Agaricomycetes,Russulales,Russula,,LB059.1D,"brown, fuzzy with dense hyphae",21,,
PM581E,LB058,Rose Canyon Rd.,2201,Downhill,CTGCGGAAGGATCATTACTGAATTGTCAACACGAGTTGTTGCTGGTCCCCAAATGGGGGCACGTGCACGCTCTGTTTGTACATCCATTCACACCTGTGCACCCTATGTAGTTCTGTGGTTTGGGGGACTCTGTCCTCCTGCCGTGGTTCTATATCTTTACACACGCTCTGTAATAAAGTCTTATGGAATGTATGCAGCGTTTAACGCAATACAATACAACTTTCAGCAACGGATCTCTTGGCTCTCGCATCGATGAAGAACGCAGCGAAATGCGATAAGTAATGTGAATTGCAGAATTCAGTGAATCATCGAATCTTTGAACGCACCTTGCGCCCTTTGGCTATTCCGAAGGGCATGCCTGTTTGAGTATCATGAACACCTCAACTCTCATGGTTTGCCGTGATGAGCTTGGACTTTGGGGGTCTTGCTGGCCTGTGGTCGGCTCCCCTAAAATGAATCAGCTTTCCAGTGTTTGGTGGCATCACGGGTGTGATAAATATCTACGCTTGTGGTTTCCTGCCAGGTAACCTTCAGTGATGGAGGTTCGCTGGGGCTCATAAACGTCTCTCCTCAGCGAAGACAGCTTTGTGAACGTT,Agaricomycetes,Thelephorales,Tomentella,,LB058.1E,brown underneath black mantle that is coated with minute black hyphae,1,,
PM583B,LB058,Rose Canyon Rd.,2201,Uphill,CTGCGGAAGGATCATTACTGAATTGTCAACACGAGTTGTTGCTGGTCCCCAAATGGGGGCACGTGCACGCTCTGTTTGTACATCCATTCACACCTGTGCACCCTATGTAGTTCTGTGGTTTGGGGGACTCTGTCCTCCTGCCGTGGTTCTATATCTTTACACACGCTCTGTAATAAAGTCTTATGGAATGTATGCAGCGTTTAACGCAATACAATACAACTTTCAGCAACGGATCTCTTGGCTCTCGCATCGATGAAGAACGCAGCGAAATGCGATAAGTAATGTGAATTGCAGAATTCAGTGAATCATCGAATCTTTGAACGCACCTTGCGCCCTTTGGCTATTCCGAAGGGCATGCCTGTTTGAGTATCATGAACACCTCAACTCTCATGGTTTGCCGTGATGAGCTTGGACTTTGGGGGTCTTGCTGGCCTGTGGTCGGCTCCCCTAAAATGAATCAGCTTTCCAGTGTTTGGTGGCATCACGGGTGTGATAAATATCTACGCTTGTGGTTTCCTGCCAGGTAACCTTCAGTGATGGAGGTTCGCTGGGGCTCATAAACGTCTCTCCTCAGCGAAGACAGCTTTGTGAACGTT,Agaricomycetes,Thelephorales,Tomentella,,LB058.3B,"brownish, black; bifurcating; thick white hyphae below (secondary colonization)",4,,
PM561E,LB056,Rose Canyon Rd.,2201,Downhill,GCGCAAGACGCAAGTTCAGAAGCAGCATGCATCGTATACACCAAGGCATAGATAGTTATCACACCAAAGGTACTCGGACACCGCTAATGCTTTTCAGGGGAGCCGACCTTCTTTGAAGCCTGCAAAACCCCCAGATCCAAGCCACACCGAGGTATGGTTGAGAACTTGATGACACTCAAACAGGCATGCTCCTCGGAATACCAAGGAGCGCAAGATGCGTTCAAAGATTCGATGATTCACTGAATTCTGCAATTCACATTACTTATCGCATTTCGCTGCGTTCTTCATCGATGCGAGAGCCAAGAGATCCGTTGCTGAAAGTTGTATATTTGTTATATCCCCAGTACCCGACATTCTAAAACGAGTTGTTAAAGTGTAACATAGACCTGGCCATTC,Agaricomycetes,Agaricales,Inocybe,,LB056.1E,orange with striping and white splotches along mantle,16,,
PM561A,LB056,Rose Canyon Rd.,2201,Downhill,GTCATGAGATGCGCAAGACGCAAGTTCAGAAGCAGCATGCATCGTATACACCAAGGCATAGATAGTTATCACACCAAAGGTACTCGGACACCGCTAATGCTTTTCAGGGGAGCCGACCTTCTTTGAAGCCTGCAAAACCCCCAGATCCAAGCCACACCGAGGTATGGTTGAGAACTTGATGACACTCAAACAGGCATGCTCCTCGGAATACCAAGGAGCGCAAGATGCGTTCAAAGATTCGATGATTCACTGAATTCTGCAATTCACATTACTTATCGCATTTCGCTGCGTTCTTCATCGATGCGAGAGCCAAGAGATCCGTTGCTGAAAGTTGTATATTTGTTATATCCCCAGTACCCGACATTCTAAAACGAGTTGTTAAAGTGTAACATAGACCTGGCCATTC,Agaricomycetes,Agaricales,Inocybe,,LB056.1A,white-tan; seems to have striping,10,,
PM591C,LB059,Rose Canyon Rd.,2201,Downhill,AGATAGTTATCACACCAAAGGTACTCGGACACCGCTAATGCTTTTCAGGGGAGCCGACCTTCTTTGAAGCCTGCAAAACCCCCAGATCCAAGCCACACCGAGGTATGGTTGAGAACTTGATGACACTCAAACAGGCATGCTCCTCGGAATACCAAGGAGCGCAAGATGCGTTCAAAGATTCGATGATTCACTGAATTCTGCAATTCACATTACTTATCGCATTTCGCTGCGTTCTTCATCGATGCGAGAGCCAAGAGATCCGTTGCTGAAAGTTGTATATTTGTTATATCCCCAGTACCCGATATTCTAAAACGAGTTGTTAAGGTGTAACATAGACCTGGCCATT,Agaricomycetes,Agaricales,Inocybe,,LB059.1C,"Orange, smooth; highly branching",67,,
PM591B,LB059,Rose Canyon Rd.,2201,Downhill,TAGATAGTTATCACACCAAAGGTACTCGGACACCGCTAATGCTTTTCAGGGGAGCCGACCTTCTTTGAAGCCTGCAAAACCCCCAGATCCAAGCCACACCGAGGTATGGTTGAGAACTTGATGACACTCAAACAGGCATGCTCCTCGGAATACCAAGGAGCGCAAGATGCGTTCAAAGATTCGATGATTCACTGAATTCTGCAATTCACATTACTTATCGCATTTCGCTGCGTTCTTCATCGATGCGAGAGCCAAGAGATCCGTTGCTGAAAGTTGTATATTTGTTATATCCCCAGTACCCGATATTCTAAAACGAGTTGTTAAGGTGTAACATAGACCTGGCCATTC,Agaricomycetes,Agaricales,Inocybe,,LB059.1B,"tan; highly branching, pearly sheen",10,,
PM603A,LB060,Rose Canyon Rd.,2201,Uphill,ATTATCACACCGACATCCGGAAACCAAAGATTGAATTCCGCTGATGCATTTCAGAGGAGCCGACCTTCGCCAGCACGCTCCAAGTCCAAGCCCCGGAGATTTGAAAACAAACCAATCGGGGTTGATGATTTAATGACACTCAAACAGGCATGCTCCTCGGAATACCAAGGAGCGCAAGGTGCGTTCAAAGATTCGATGATTCACTGAAAATCTGCAATTCACATTACTTATCGCATTTCGCTGCGTTCTTCATCGATGCGAGAGCCAAGAGATCCGTTGTTGAAAGTTGTATATGTTTTATCAACGCTTTTTAGGCGAGGATATCGATTTACATTCTATGAGACATGCAATGGGG,Agaricomycetes,Atheliales,,,LB060.3A,tan with thick dense white rhizomorphs,3,Piloderma distantly related,
PM591E,LB059,Rose Canyon Rd.,2201,Downhill,CTGCGGAAGGATCATTATTGAAATAAACCTGATGGGTTGTTGCTGGTTCTCCAGGGAGCATGTGCACACCTTGTCATCTTTATATCTCCACCTGTGCACTTTTTGTAGACCTGAAAAGGTCTATGTTGCTTCATTTTACCCCAATGTATGTTAATAGAATGTTGTACCTATATAATATATACAACTTTCAGCAACGGATCTCTTGGCTCTCGCATCGATGAAGAACGCAGCGAAATGCGATAAGTAATGTGAATTGCAGAATTCAGTGAATCATCGAATCTTTGAACGCACCTTGCGCTCCTTGGTATTCCGAGGAGCATGCCTGTTTGAGTGTCATTAATATATATCAAC,Agaricomycetes,Agaricales,Cortinarius,,LB059.1E,fuzzy white hyphae with thick rhizomorphs; tan,6,,
PM553C,LB055,Rose Canyon Rd.,2201,Uphill,CTGCGGAAGGATCATTATCGTACAGCTGAGGTGCAAAGGCTGTCGCTGACCCTCAAGGGTTGTGCACGCCCGAGTGCTCTCACACAATCCATCTCACCTTTGTGCATCACCGCGTGGGTCCCCTTTGCAGGAGGGCTCACGTTTTCACATAAAACTCGATACAGTGTAGAATGTTTCATTTGCGGTCACACGCAATCAATACAACTTTCAACAACGGATCTCTTGGCTCTCGCATCGATGAAGAACGCAGCGAAATGCGATACGTAATGTGAATTGCAGAATTCAGTGAATCATCGAATCTTTGAACGCACCTTGCGCCCCTTGGCATTCCGAGGGGCACACCCGTTTGAGTGTCGTGAAATCTTCAAAACCCTTTTTTCTTTGAACCATTGCGGTCGGGAAAAGGATTTTTGGACTTGGAGGCTTAATGCTTGCCCTTTCTTTTTGAAAGCGAGCTCCTCTCAAATGAATTAGTGGGGTCCGCTTTGCTGATCCTTGACGTGATAAAATGTTTCTACGTTTTGGGTTTAGCACTGTCCCTTGGATGCCTGCTGCTAACTGTCTCAT,Agaricomycetes,Russulales,Russula,,LB055.3C,"bright orange, smooth; branching",29,,
PM593D,LB059,Rose Canyon Rd.,2201,Uphill,CTGCGGAAGGATCATTATCGTACAGCTGAGGTGCAAAGGCTGTCGCTGACCCTCAAGGGTTGTGCACGCCCGAGTGCTCTCACACAATCCATCTCACCTTTGTGCATCACCGCGTGGGTCCCCTTTGCAGGAGGGCTCACGTTTTCACATAAAACTCGATACAGTGTAGAATGTTTCATTTGCGGTCACACGCAATCAATACAACTTTCAACAACGGATCTCTTGGCTCTCGCATCGATGAAGAACGCAGCGAAATGCGATACGTAATGTGAATTGCAGAATTCAGTGAATCATCGAATCTTTGAACGCACCTTGCGCCCCTTGGCATTCCGAGGGGCACACCCGTTTGAGTGTCGTGAAATCTTCAAAACCCTTTTTTCTTTGAACCATTGCGGTCGGGAAAAGGATTTTTGGACTTGGAGGCTTAATGCTTGCCCTTTCTTTTTGAAAGCGAGCTCCTCTCAAATGAATTAGTGGGGTCCGCTTTGCTGATCCTTGACGTGATAAAATGTTTCTACGTTTTGGGTTTAGCACTGTCCCTTGGATGCCTGCTGCTAACCGTCTCATTGACAATGATGGTGCTCCGGTCACTGCCGTCTACGTCGGCGGGAGGCTGGACCCACAAAAAGAAAACCTTGACCTCAA,Agaricomycetes,Russulales,Russula,,LB059.3D,"orange, smooth; extreme branching",151,,
PM593E,LB059,Rose Canyon Rd.,2201,Uphill,CTGCGGAAGGATCATTACCGAACCGTCGACATGAGCTGTCGCTGGCCCTCGAGAGGGGGCGTGTGCACGCTCTGTTTACACATCCACTCACACCTGTGCACCCTCTGTAGTTCTATGGCCTTGGGGACCTCGTCCCCTCGCTGTGGTCCTACGTCTTTACACACACCGTAACAAAGTCTCATGGAATGTATGCCGCGTCTAACGCAATACAATACAACTTTCAGCAACGGATCTCTTGGCTCTCGCATCGATGAAGAACGCAGCGAAATGCGATAAGTAATGTGAATTGCAGAATTCAGTGAATCATCGAATCTTTGAACGCACCTTGCGCCCTTCGGCTATTCTGAAGGGCATGCCTGTTTGAGTATCATGAACACCTCAACTCTCGTGGTCCGCCACGATGAGCTTGGACTTTGGGGGTCTTGCCGGACCAGCGTCGGCTCCTCTAAAATGGATCAGCTTGCCAGTGTTTGGCGGCGTCACAGGTGTGATAACTATCTACGCTTGTGGTTCCGTGCCATGTAACCTTCAGCGATGGAGGTTCGCTGGAGCTCACAGATGTCTCTCCTTGTGAGGACAGCTTTTTGAACGTT,Agaricomycetes,Thelehorales,Tomentella,,LB059.3E,"brown, highly branching; minute black hyphae",23,,
PM603C,LB060,Rose Canyon Rd.,2201,Uphill,TATCGAATCCTACCAGGGAGGGGAGGGAAGACGGATGGAGGAGTCAAGGCTGTCGCCGGCAACGTGCACGCCCCTTTCTCTTTCGTGGAACCTCCCCTTTCTAGTTTCCTTATCCACCTGTGCACCCTTTGTAGGCCCTCGAAAGAGGATCTACGTTTTCTCTATATACGCTTTTTGCTATGCATGTCCAGAATGTATACAAACTTTACAACTTTCAGCAACGGATCTCTTGGCTCTCGCATCGATGAAGAACGCAGCGAATTGCGATAAGTAATGTGAATTGCAGATTTTCAGTGAATCATCGAATCTTTGAACGCACCTTGCGCTCCTTGGTATTCCGAGGAGCATGCCTGTTTGAGTGTCATCGAATTCTCAACCATGTCTTGAATTAGGCATGGCTTGGACTTGGGGGGTTGCTGGCACACGTTGTCAGCTCTCCTGAAATGCATTAGTGATGTTCAGCAAGCCTGAACGTGCACGGCCTTTTCGACGTGATAACGATCGTCGTGGGCTGGAGCGTAGGGTGAGCAGTGAATCGCTTCTAATCTATACCTCAGTTACTAGTCAGTCGTGAGACTGACGAACGCGCGAGGCTTGATCTTGGACCCCAAGCCTTAGTTACTAGTCGGTCGTGAGGCCGATGAACGCGCAGGGTTAGGACCATTTGAACTCTTGACCT,Agaricomycetes,Boletales,Boletus,edulis,LB060.3C,brown/tan bumpy with pearly coat; highly branching,26,,
PM563A,LB056,Rose Canyon Rd.,2201,Uphill,CTGCGGAAGGATCATTAATGATTGCGAATGGTCGCCTTCGGTGCTGGCTCTTGCAAGTGCACGTTGGTGGCTTTCATCCAATACCCCTGTGAACCTTTGGCCTCTTGCTAGCTTCGGCTGGCAGAGGATTTTTACACACTCGAATGTAATGAAAACTATTGTCGTGCGCAAGCACTAATGTACAACTTTCAACAACGGATCTCTTGGCTCTCGCATCGATGAAGAACGCAGCGAAATGCGATAAGTAATGTGAATTGCAGAATTCAGTGAATCATCGAATCTTTGAACGCACCTTGCACCCTTTGGTATTCCGAAGGGTATGCTCGTTTGAGTGTCATTGTACTCTCACACTCTCTGGTCCTTTGGATTCAGGGAGCGGTGGACTTGGGTGTTTGCTGCTTTCCTGGTGGCTCACCTCAAATGCGTTAGTGCACCTCTTGGTTGGACATAGTACGGCGTGATAAGTATCTTCGCCGGCACCTCGCAAGAGGGTGGCCGATTGGGAGCTCTGTGCTTTCAAACCGTCTTCGGACAATCTTTGACAACTTGACCTCAA,Agaricomycetes,Sebacinales,Sebacina,dimitica,LB056.3A,orange with thick yellow rhizomorphs,6,"Order contains Ecto, ericoid, orchid mycor, and root endophytes; earliest divergin lineages of mycorrhizal basidiomycota",
PM572F,LB057,Rose Canyon Rd.,2201,Parallel,TAATGATTGCGAATGGTCGCCTTCGGTGCTGGCTCTTGCAAGTGCACGTTGGTGGCTTTCATCCAATACCCCTGTGAACCTTTGGCCTCTTGCTAGCTTCGGCTGGCAGAGGATTTTTACACACTCGAATGTAATGAAAACTATTGTCGTGCGCAAGCACTAATGTACAACTTTCAACAACGGATCTCTTGGCTCTCGCATCGATGAAGAACGCAGCGAAATGCGATAAGTAATGTGAATTGCAGAATTCAGTGAATCATCGAATCTTTGAACGCACCTTGCACCCTTTGGTATTCCGAAGGGTATGCTCGTTTGAGTGTCATTGTACTCTCACACTCTCTGGTCCTTTGGATTCAGGGAGCGGTGGACTT,Agaricomycetes,Sebacinales,Sebacina,dimitica,LB057.2F,brown with light tip; minute brown hyphae,18,"Order contains Ecto, ericoid, orchid mycor, and root endophytes; earliest divergin lineages of mycorrhizal basidiomycota",
PM572E,LB057,Rose Canyon Rd.,2201,Parallel,GTCGCCTTCGGTGCTGGCTCTTGCAAGTGCACGTTGGTGGCTTTCATCCAATACCCCTGTGAACCTTTGGCCTCTTGCTAGCTTCGGCTGGCAGAGGATTTTTACACACTCGAATGTAATGAAAACTATTGTCGTGCGCAAGCACTAATGTACAACTTTCAACAACGGATCTCTTGGCTCTCGCATCGATGAAGAACGCAGCGAAATGCGATAAGTAATGTGAATTGCAGAATTCAGTGAATCATCGAATCTTTGAACGCACCTTGCACCCTTTGGTATTCCGAAGGGTATGCTCGTTTGAGTGTCATTGTACTCTCACACTCTCTGGTCCTTTGGATTCAGGGAGCGGTGGACTT,Agaricomycetes,Sebacinales,Sebacina,dimitica,LB057.2E,orange with cottony white hyphae,22,"Order contains Ecto, ericoid, orchid mycor, and root endophytes; earliest divergin lineages of mycorrhizal basidiomycota",
PM561B,LB056,Rose Canyon Rd.,2201,Downhill,CTGCGGAAGGATCATTACTGAATTGTCAACAAGAGTTGTTGCTGGTCCTCAAATGGGGGGCATGTGCACGCTCTGTTCACACATCCACTCACACCCTGTGCACCCTCTGTAGTTCTGTGGTTGGGGGGCCTGTCCTCCTGCTGTGGTTCTGCATCTTTACACACACACTGTAACAAAGTCTCATGGAATGCATGCCGCGTTTAACGCAATACAATACAACTTTCAGCAACGGATCTCTTGGCTCTCGCATCGATGAAGAACGCAGCGAAATGCGATAAGTAATGTGAATTGCAGAATTCAGTGAATCATCGAATCTTTGAACGCACCTTGCGCCCTTTGGCCATTCCGAAGGGCATGCCTGTTTGAGTATCATGAACACCTCAACTCTTCATGGTTTTCTGTGATGAGCTTGGACTTTGGGGGTTTTGCTGGCCTACGGTCAGCTCCTCCAAAATGAATCAGCTTGCCAGTGTTTGGTGGGCGTCACAGGTGTGATAACCATCTACGCTTGTGGTTTTCCACCAGGTAACCTTCAGCAGTGGAGGTTCACTGGAGCTCACAGACGTCTCTCCTCGGCGAGGACAGCTCTTTGAATGTT,Agaricomycetes,Thelephorales,Tomentella,,LB056.1B,"tan, brown; fuzzy below",2,,
PM561F,LB056,Rose Canyon Rd.,2201,Downhill,CTGCGGAAGGATCATTAACAAATTACAACGTTTGTTGAAACACACTCTGCGTATCTTTACATGTTGCTTCCCCCCGCCCTGGGCTAGCTTCCGGGACGGGGGGGAGGGAGCCCGAAACCCGTGCAATCGATGTGATCGGTCTGAAGAAAATCCTGTTTGTATTCAAACGTTTTAAAACTTTCAACAACGGATCTCTTGGTTCTCCCATCGATGAAGAACGCAGCGAAATGCGATAAGTAGTGTGAATTGCAGAATTCAGTGAATCATCGAATCTTTGAACGCACATTGCGCCCTCTGGTATTCCGGGGGGCATGCCTGTTCGAGCGTCATCAAAACCGCTCAGGTTGGGCTTCTTCGAAGCCCCAGCTTGGTCTTGGGCCTGAGGGTATCAGAACCCTCTGCCTGCAATGCAGTGGGCGGATATTCCGGCACGGGCAAGAGCGTGATAAACACATCGTTCGCGATTGCACGCCGGGACGTCCCGCCATCATGAACCCCCGAATGCATTTTCAAGTT,Pezizomycetes,Pezizales,Tarzetta,,LB056.1F,brown tan; small; highly branching,21,,
PM572D,LB057,Rose Canyon Rd.,2201,Parallel,CTGCGGAAGGATCATTATCGAATATAAACTTGAGTAGACTGTTGCTGGCTTCTCTTTCAGATGGGCATGCTGCACGTTTATTCTCTTTATTTTTCCACCTGTGCACCTTTTGTAGGCTTGGATTATCAGTGGTTCTAGAGTGTCTTTCAAAGGCATAAGAATTGTTTTGGGGCTGCTGTGTTTAAACGCATGTTTATCGGCTTTCCCTTTCATTTTCCAAGTCTATGTTTGCTATATACACTCCAGAAATGTAATAGAATGCTGTACTTTAGGTCGCTTGTACCTATAATAAAATCAGTACAACTTTCAGCAACGGATCTCTTGGCTCTCGCATCGATGAAGAACGCAGCGAAATGCGATAAGTAATGTGAATTGCAGAATTCAGTGAATCATCGAATCTTTGAACGCATCTTGCGCTCCTTGGTATTCCGAGGAGCATGCCTGTTTGAGTATCATTAAATTATCAACTGTGCCAATTTGGTTACAGATTGGAAGTGGGAGATTTCTTGCAGGCTTTCGACTCTTCTTTTTCTTTGAGAAATAAGTCTGCTCTCCTGAAATGTATTAGCAGTGCCTTTGTTGGTTCATTAGGTGTGATAATTTATCTACATCTTCACATGGTGCCTTCATTTGTAAAGGTCATATTGCTTCTAATTGTCTTTGGACAAAAACATATAATATGTGACAAACT,Agaricomycetes,Agaricales,Inocybe,,LB057.2D,"brown, very fuzzy with white hyphae; crusty",48,,
PM581A,LB058,Rose Canyon Rd.,2201,Downhill,CTGCGGAAGGATCATTACTGAGTTGTTGACATGAGCTGTTGCTGGTCCTCAAAACAAGGGGGCATGTGCACGCTCTGTTCACACATCCACTCACACCTGTGCACCAACCGTAGTTCTATGGTCTGGAGGTCTCACTGTCCTCTTCCCGTGGTTCTATGTCTTTACACATACACCGTAGTGAAGTCTTATGGAATGTGCGCCGCGTTTAACGCAATACAATACAACTTTCAGCAACGGATCTCTTGGCTCTCGCATCGATGAAGAACGCAGCGAAATGCGATAAGTAATGTGAATTGCAGAATTCAGTGAATCATCGAATCTTTGAACGCACCTTGCGCCTCTTGGCTATTCCGAGGGGCATGCCTGTTTGAGTATCATGAACACCTCAACCCTTCACGGTTTGTCCGTGATGGGCTTGGACTTCTGGAGGTTTTGCTGGCCTATGGTCGGCTCCTCTCAAATCAATCAGCTTACCAGTGTTTGGTGGCGTCATGGGTGTGATAACTATCTACGCTTGTGGCCTTCTGCCAGGTAACCTTCAGCGATGGAGGTTTGCTGGGGCTTACAAATGTCTCTCCCAAGCGAAGACAGCTTTTTGAACGT,Agaricomycetes,Thelephorales,Thelephora,,LB058.1A,"tan brown, branching with yellow and brown hyphae",14,,
PM581F,LB058,Rose Canyon Rd.,2201,Downhill,CTGCGGAAGGATCATTATCGAATAAACTTGAACAGGCTGTTGCTGGTCCCAGGACAATGTGCACGCTTGTCATCTTTATCATTTCTCCCAACTGTGCACATATTTGTAGACCCTGGATTTGTTCCGAGTGGGGACTGCTGTGCTTCAAAAAAGAAGTCGGCTTTCCCCTTGAAGGTCTATGTCATTTTTTCACAACCTCGAATGTGTTTAGAATGTTGAAATAAAATAAAAATACAACTTTCAGCAACGGATCTCTTGGCTCTCGCATCGATGAAGAACGCAGCGAAATGCGATAAGTAATGTGAATTGCAGAATTCAGTGAATCATCGAATCTTTGAACGCATCTTGCGCTCCTTGGTATTCCGAGGAGCATGCCTGTTTGAGTGTCATTTAAACTCTCAAACCACATCATTTGCTTGACGTGGCTTTGGACGTGGGGGTTGCCGGCTTTCTTCTCAGAGAGGCCTGCTCCCCTGAAATGCATTAGTGGTATCTGGAGTGGAAAACTGCTAGGTGTGATAATACTGTCTATGCCTTTGGTTATGCCACAATGTGCAGTGCTGCTTCTAAACCGCACATTTCTTGTGCTTTTGACAAACT,Agaricomycetes,Agaricales,Inocybe,,LB058.1F,yellow tan; dichotomously branching,2,,
PM583A,LB058,Rose Canyon Rd.,2201,Uphill,GCTGTTGCTGGTCTTCTTGTGGGACATGTGCACGCTTGTCATCTTTATCATTTCTCCAACTGTGCACGTATTTTGTAGACCTGGAGGGGGGATGGAATTCGTTCCGAGTGGGGACTGCTGTGCTTCAAAAAAACAAAAAGAGATCGGCTTTCCCTTTGAAAGGTCTATGTCACTTTTTCACAAACCAATGTGTCTAGAATGTTGTAATGAATAAAAGTTATAAAAAACAACTTTCAGCAACGGATCTCTTGGCTCTCGCATCGATGAAGAACGCAGCGAAATGCGATAAGTAATGTGAATTGCAGAATTCAGTGAATCATCGAATCTTTGAACGCATCTTGCGCTCCTTGGTATTCCGAGGAGCATGCCTGTTTGAGTGTCATTTTGAACTCTCAAAGCCCACGTTTTGACGTGGCTTTGGACTTGAGGGCTTTTTGCAGGCTTTTGATCAGAAAGCCCTGCTCCCTTGAAAATCATCAGTGGTATCTGGAGCGGAAACCGCTAGGTGTTGATAACATTCATCTATGCCTTTGGGTATGCCGCGTAAATGTGCTGCTTCCAACGCCCCATGCTCTTTGACAAACTTGACCTCAAATCAGGTAGGACTACCCGCTGAACTTAAGCATATCAATAAGCGGAGGAAAAGAAACTAACAAGGATTCCCCTAGTAACTGCGAGTGAAGCGGGAAGAGCTCAAATTTGAAATCTGGCGGTTCTTGACCGTCCGAGTTGTAATCTAGAGAAGTGCTACCTGTGCTGGACCGTGTACAAGTCTCCTGGAATGGAAGCATCACAGAGGGTGAGAATCCCGTCTTTGACACGGACTGCCTGCACGTTGTGGTGTGCTCTCGAAGAGTCGAGTTGTTTGGGAATGCAGCTCAAAATGGGTGGTAAATGCCATCTAAAGCTAAATATTGGCGAGAGACCGATAGCGAACAAGTACCGTGAGGGAAAGATGAAAAGAACTTTGGAAAGAGAGTTAAACAGTACGTGAAATTGCTGAAAGGGAAACGCTTGAAGTCAGTCGCGTCGGCCAGAAATCAGCCTTGCTTTTGTCTTGGTGTACTTTCTTGTCTGATGGGTCAGCATCAATTTCGACCATTGGATAAAGTCGTTCAGGAATGTGGCATCTTCGGATGTGTTATAGCCAGGCGTCGCATACGGTGGTTGGGATTGAGGAACTCAGCA,Agaricomycetes,Agaricales,Inocybe,,LB058.3A,"dull orange, highly branching with minute dark striping",8,,