sample,range,site,tree_number,easting,northing,elevation,sample_number,core,class,genus,sequence
F1A,santa.catalina,1,F1,594457.5,3540872.5,2183.6,F1AB,A,Dothideomycetes,Cenococcum,ATTCCTTCCGCAGTGTACACTTGTAGAAGCCTTTGCAGCCACGCAAGTGGTAGATCTAGGCGACTTTAAATAATCCTAGGATCGCTATGCAAGTCGGTCCACGCATGTGGTGCCGGCGACACTTTCGAATTGACGGGGATACCCTAAAGCCTGTCGCACCAACTCTGTGTGGGAAACCGCTGGAGGGCCCGTGCTAACTACACGGGGTGGTAACAGACGACATGGATACCTCCACGCCTTTGGTGTGGATACTATGGGCAATCCGCAGCGAAGCCCCTAAGTCCGGCCGCCGGATATGGGGAACGTTCACAGACTAAGTGGAAGTGGGTGGAGCGTTCGCCGCTCTGCTTAAGATATAGTCGGGCCCCTTAGGAAACTAAGGGGGTGAGTACACTGCTCGAAATTTAAACTTGAACGTGTCTCGGATAGCGCTCATGTTAGAATTTCGAGACTGTCGACTGCCTCGCGGTTTGACAGCTCTTAAAACGTTCCGTAGGTGAACCTGCGGAAGGATCATTACAGAAAGTAAACGCGGATCAAACCGCGAACTTCTAAACCTTTGACGATTGACTCATGTTGCCTCGGCGGGTTCTCCCGCCAGAGGATACATTAAAACTCCTGTTTTAACGGTGTTGTCTGAGCTACAAGCAACGAATCAAAACTTTCAACAACGGATCTCTTGGTTCTGGCATCGATGAAGAACGCAGCGAAATGCGATAAGTAGTGTGAATTGCAGAATTCAGTGAATCATCGAATCTTTGAACGCACATTGCGCCCCTTGGTATCCCGAGGGGCATGCCTGTTCGAGCGTCATTTCACCACTCAAGCCTGGCTTGGTGTTGGGCGACGTCCCCTTTAGGGACACGCCTCGAAACGCTCGGCGGCGTGGCACCGGCTTTAAGCGTAGCAGAATCTTTCGCTTTGAAAGTCGGGGCCCCGTCTGCCGGAAGA
F1A,santa.catalina,1,F1,594457.5,3540872.5,2183.6,F1AD,A,Agaricomycetes,,CTGCGGAAGGATCATTAACGAATTAGAGAGTTGATGCTGGTAGTCTGACTACATGTGCTCGCTCTCCTAATCCCACTTACACCTGTGCACTTTAACTTTGGAGGGAGGGTAAAACCTGCCTTCGAAATTCACAAACTCTTGTTTTTAAATTATGAATGTTTATCTGCCGCAAGGCAAAATTTAATACAACTTTTAACAACGGATCTCTTGGCTCTCGCATCGATGAAGAACGCAGCGAAATGCGATAAGTAATGTGAATTGCAGAATTCAGTGAATCATCGAATCTTTGAACGCACCTTGCGCTCCCTGGTATTCCGGGGAGCACGCCTGTTCGAGTGTCATGAAACTCTCAAACAAGGTAGATTTGTTTCTACCTCTGTTTGGATTTGGACTCTGCTGCGTCAATGCGGCTGGTCTTAAATATATTAGCTGATCCTAGCGAAGGTTTGGTTCTACTCAGCATGATAATTATCTGATGTTGAGGACAGTCTTAGG
F1A,santa.catalina,1,F1,594457.5,3540872.5,2183.6,F1AF,A,Agaricomycetes,Russula,CCGTAGGTGAACCTGCGGAAGGATCATTATTGTAAAACTGAGGCGCGAGGGCTGTCGCTGGCTTTTCGTCGTGCACGCCCAAGTGCTCTCAAACAATCCATCTCACCCTGTGCACCACCGCGTGGGTCCCCCTTTTGGCTCGTCCCGAAGGGAGGCTTGCGTTTTCACACAAACTCGACACAGTGTAGAATGTCTCCTGCGATAACACGCAATTAATACAACTTTCAACAACGGATCTCTTGGCTCTCGCATCGATGAAGAACGCAGCGAAATGCGATACGTAATGTGAATTGCAGAATTCAGTGAATCATCGAATCTTTGAACGCACCTTGCGCCCCTTGGCATTCCGAGGGGCACACCCGTTTGAGTGTCGTGAAATTCTCAAAAGCCTTTCTTTTGAAAGGGTTTTGGACTTGGAGGTTTTTTGCTGGCTTTTAAGCGAGCTCCTCCCAAATAAATTAGTGGGGTCTGCTTTGCCGATCCTTGACGTGATAAGATGTTTTCTACGTCTCGGATTTGGTGATGCCTCTTGGGCACCCGCTTCTAACCGTCCGATGGACAATGATGGCGTCCCGGTCACCACCGTTTTATCGGTTGGGAGGCTTGGCCCACCAAAAAAACCT
F1A,santa.catalina,1,F1,594457.5,3540872.5,2183.6,F1AG,A,,,CTGCGGAAGGATCATTACAAGTGAGGCTACCGAACGTTGGAAACAGCGGTTAGGAGCTTACACCCACCCGTGTCTACATACTATTGTTGCTTTGGCGGGCCGTGGCCTCCACTGCGGGCTCTGCTCGTGTGTGCCCGCCAGAGAACCAAACTCTGAATGTTAGTGATGTCTGAGTACTATCTAATAGTTAAAACTTTCAACAACGGATCTCTTGGTTCTGGCATCGATGAAGAACGCAGCGAAATGCGATAAGTAATGTGAATTGCAGAATTCAGTGAATCATCGAATCTTTGAACGCACATTGCGCCCTGTGGTATTCCGCAGGGCATGCCTGTTCGAGCGTCATTTAACCACTCACGCCTAGCGTGGTATTGGGGCACGCGGTCTCCGCGGCCCTCAAAATTAGTGGCGGCGCCGGTGGGCTCTAAGCGTAGTACATACTCCCGCTATAGAGTTCCCCCGGTGGCTCGCCAGAACCCCCAATTTTTACAGGT
F1B,santa.catalina,1,F1,594457.5,3540872.5,2183.6,F1BA,B,Agaricomycetes,,ATTATCGTAAAACGGGGGCGCGGAAGGCTGTCGCTGACCTTTGAACGGTCGTGCACGCCAGAAGTGCCCTCGCACACAATCCACCTCACCCCTTGTGCATCACCGCGTGGGGGCTCCTTTTGGCTCGTTCCAAAGGGGTGCTCACGTTTTAACACAGACACCCATTAGAATTCAGTGTAGAATGTCTTTATGCGATAACACGCAATCAATACAACTTTCAACAACGGATCTCTTGGCTCTCGCATCGATGAAGAACGCAGCGAAATGCGATACGTAATGTGAATTGCAGAATTCAGTGAATCATCGAATCTTTGAACGCACCTTGCGCCCCTTGGCATTCCGAGGGGCACACCCGTTTGAGTGTCGTGACATCCTCAACCTTCTTGGTTTTTTTGATCAGGAAGGCTTGGAATTTGGAGGTTCTTGCCGGCTTCCCCTTCGAAGCCAGCTCCTCTTAAACGAATTAGTGGGGTCCACTTCTGCCGATCCTTGACATGATAAGATGTTTCTGTGTCTTGGTATAGAGCAAAGAAAACCTGCTTCTAACCGTCTCTTAGGAGACATCGTTTTGACCCT
F1B,santa.catalina,1,F1,594457.5,3540872.5,2183.6,F1BF,B,Dothideomycetes,Cenococcum,CTGCGGAAGGATCATTACAGAAAGTAAACGCGGATCAAACCGCGAACTTCTAAACCTTTGACGATCGACTCATGTTGCCTCGGCGGGTGCTCCCGCCAGAGGATACATCAAAACTCATGTTTTAACGGTGTTGTCTGAGCTACAAGCAACGAATCAAAACTTTCAACAACGGATCTCTTGGTTCTGGCATCGATGAAGAACGCAGCGAAATGCGATAAGTAGTGTGAATTGCAGAATTCAGTGAATCATCGAATCTTTGAACGCACATTGCGCCCCTTGGTATCCCGAGGGGCATGCCTGTTCGAGCGTCATTTCACCACTCAAGCCTGGCTTGGTGTTGGGCGACGTCCCCTTTGGGGACGCGCTTCGAAACGCTCGGCGGCGTGGCATCGGCTTTAAGCGTAGCAGAATCTTTCGCTTTGAAAGTCGGGGCCCCGTCTGCCGGAAGACCTACTCGCAAGGT
F1C,santa.catalina,1,F1,594457.5,3540872.5,2183.6,F1CA,C,Dothideomycetes,Cenococcum,TGATTCCTTCCGCAGTGTACACTTGTAGAAGCCTTTGCAGCCACGCAAGTGGTAGATCTAGGCGACTTTAAATAATCCTAGGATCGCTATGCAAGTCGGTCCACGCATGTGGTGCCGGCGACACTTTCGAATTGACGGGGATACCCTAAAGCCTGTCGCACCAACTCTGTGTGGGAAACCGCTGGAGGGCCCGTGCTAACTACACGGGGTGGTAACAGACGACATGGATACCTCCACGCCTTTGGTGTGGATACTATGGGCAATCCGCAGCGAAGCCCCTAAGTCCGGCCGCCGGATATGGGGAACGTTCACAGACTAAGTGGAAGTGGGTGGAGCGTTCGCCGCTCTGCTTAAGATATAGTCGGGCCCCTTAGGAAACTAAGGGGGTGAGTACACTGCTCGAAATTTAAACTTGAACGTGTCTCGGATAGCGCTCATGTTAGAATTTCGAGACTGTCGACTGCCTCGCGGTTTGACAGCTCTTAAAACGTTCCGTAGGTGAACCTGCGGAAGGATCATTACAGAAAGTAAACGCGGATCAAACCGCGAACTTCTAAACCTTTGACGATTGACTCATGTTGCCTCGGCGGGTTCTCCCGCCAGAGGATACATTAAAACTCCTGTTTTAACGGTGTTGTCTGAGCTACAAGCAACGAATCAAAACTTTCAACAACGGATCTCTTGGTTCTGGCATCGATGAAGAACGCAGCGAAATGCGATAAGTAGTGTGAATTGCAGAATTCAGTGAATCATCGAATCTTTGAACGCACATTGCGCCCCTTGGTATCCCGAGGGGCATGCCTGTTCGAGCGTCATTTCACCACTCAAGCCTGGCTTGGTGTTGGGCGACGTCCCCTTTAGGGACACGCCTCGAAACGCTCGGCGGCGTGGCACCGGCTTTAAGCGTAGCAGAATCTTTCGCTTTGAAAGTCGGGGCCCCGTCTGCCGGAAGACCT
F1C,santa.catalina,1,F1,594457.5,3540872.5,2183.6,F1CB,C,,,CTGCGGAAGGATCATTAATGAAACTTCAAAGTCGGCTTGGTCGTCTGTGCTGGTGGAGACACATGTGCACGTCGACACAGTCGCAAACCCCCCACACACCTGTGCATCTATGACTCTGAGTACCGCTTGCATGGGCCGTCAAACGCCCTGGTACTCGAGTAACTTTCACACACTCTGAATGTAATGGAATGTCTATTGTACAATGTACAACCAAAAACAACTTTCAACAACGGATCTCTTGGCTCTCGCATCGATGAAGAACGCAGCGAAATGCGATAAGTAATGTGAATTGCAGAATTCAGTGAATCATCGAATCTTTGAACGCACCTTGCACCCTTTGGTATTCCGAAGGGTACACCCGTTTGAGTGTCATTGTAATCTCACTACAACCGCTTTTTTGTGGTTGCATGTGGACTTGAATGTTGCCGTGTCACAAACGGCTCGTCTAAAATGCCTGAGTGTACCCCTGCTTTGCGGCGTATTCGGTGTGATAAATCTTCACCGGAGTTGACCCTCAGGGTCACGTCTGCTTGACATGGCTCTATGCTTCCAACTGTCCTGACAAGACAATCTTTGACAATT
F1C,santa.catalina,1,F1,594457.5,3540872.5,2183.6,F1CC,C,Agaricomycetes,Lactarius,GAGTCAGGGTTCGTGGGGTTGAGAGAGTCTCCCGAGAAGGGAGACACGCCCAAACATTGTCTCGTCGAGAGACGGTTAGAAGCGGGTCCCAAAGGCAACAGAGCCAGAAACCAAGTCATGGAAACATCTTATCACATGTCGAGGATCGGCAAAGAGGACCCCGCTAATTCATTTAAGAGGAGCTGGCTCTCAAAAAGAGAGAGATGCCAGCAAAGGCCTCCAAAGTCCAAGCCTCCTTCGGTGTCCNGAAGAAAACCGAGAAGGTTGAGATTTTCACGACACTCAAACGGGTGTGCCCCTCGGAATACCAAGGGGCGCAAGGTGCGTTCAAAGATTCGATGATTCACTGAATTCTGCAATTCACATTACGTATCGCATTTCGCTGCGTTCTTCATCGATGCGAGAGCCAAGAGATCCGTTGTTGAAAGTTGTATTGATTGCGTGTCATCGCAAAATGGGGTCATTCTACACTTTTTAAAAGGGGTTTGTGTGAAAACGCAAGCCCCCTCCAGGATCGGTTCGATCCCAAAAGGTGCCCACGCGGTGGTGCACAAAAGGGTGAGATGGATTTTATGTGAGAGGACACGCTCCGGCGTGCACGACTTTTGTGTCAAAAAGTCAGCGACAGCCCTCGCACGCCTCACACATGT
F1C,santa.catalina,1,F1,594457.5,3540872.5,2183.6,F1CE,C,Agaricomycetes,Lactarius,GGTTCGTGGGGTTGAGAGAGTCTCCCGAGAAGGGAGACACGCCCAAACATTGTCTCGTCGAGAGACGGTTAGAAGCGGGTCCCAAAGGCAACAGAGCCAGAAACCAAGTCATGGAAACATCTTATCACATGTCGAGGATCGGCAAAGAGGACCCCGCTAATTCATTTAAGAGGAGCTGGCTCTCAAAAAGAGAGAGATGCCAGCAAAGGCCTCCAAAGTCCAAGCCTCCTTCGGTGTCCGGAAGAAAACCGAGAAGGTTGAGATTTTCACGACACTCAAACGGGTGTGCCCCTCGGAATACCAAGGGGCGCAAGGTGCGTTCAAAGATTCGATGATTCACTGAATTCTGCAATTCACATTACGTATCGCATTTCGCTGCGTTCTTCATCGATGCGAGAGCCAAGAGATCCGTTGTTGAAAGTTGTATTGATTGCGTGTCATCGCAAAATGGGGTCATTCTACACTTTTTAAAAGGGGTTTGTGTGAAAACGCAAGCCCCCTCCAGGATCGGTTCGATCCCAAAAGGTGCCCACGCGGTGGTGCACAAAAGGGTGAGATGGATTTTATGTGAGAGGACACGCTCCGGCGTGCACGACTTTTGTGTCAAAAAGTCAGCGACAGCCCTCGCACGCCTCACACAT
F1C,santa.catalina,1,F1,594457.5,3540872.5,2183.6,F1CF,C,Agaricomycetes,Thelephoraceae,CTGCGGAAGGATCATTACTGAACTGTCAACACGAGTTGTTGCTGGCCCTCAAATGGGGGCATGTGCACGCTCTGTTTGCACATCCACTCACACCTGTGCACCCTCTGTAGTTCCATGGCGTGGGGGCACTGTCCTCCTGCTGCGGTTCTATGTCTTTACACACACACTGTAACAAAGTCTCATGGAATGCATATAGCGTTTAACGCAATACAATACAACTTTCAGCAACGGATCTCTTGGCTCTCGCATCGATGAAGAACGCAGCGAAATGCGATAAGTAATGTGAATTGCAGAATTCAGTGAATCATCGAATCTTTGAACGCACCTTGCGCCCTTTGGCTATTCCGAAGGGCATGCCTGTTTGAGTATCATGAACACCTCAACTCTCATGGTTTTTCCATGACGAGCTTGGACTTTGGGGGTCTTGCTGGCATTAGTCAGCTCCTCTTAAATGAATCAGCTTGCCAGTGTTTGGTGGCATCGCAGGTGTGATAACTATCTACGCTTGTGGTTTCCACCAGGTAACCTTCAGTGATGGGGGTTTGCTGGAGCTCATAAAGGCCTCTCCTCGGTGAGGAGGGGGCTTCTTTTGAATGTT
F2A,santa.catalina,1,F2,594457.5,3540872.5,2183.6,F2AA,A,Dothideomycetes,Cenococcum,CGCAGTGTACACTTGTAGAAGCCTTTGCAGCCACGCAAGTGGTAGATCTCGGCGACTTTAAATAATCCTAGGATCGCTATGCAAGTCGGTCCACGCATGTGGTGCCGGCGACACTTTCGAATTGACGGGGATACCCTAAAGCCTGTCGCACCAACTCTGTGTGGGAAACCGCTGGAGGGCCCGTGCTAACTACACGGGGTGGTAACAGACGACATGGATACCTCCACGCCTTTGGTGTGGATACTATGGGCAATCCGCAGCGAAGCCCCTAAGTCCGGCCGCCGGATATGGGGAACGTTCACAGACTAAGTGGAAGTGGGTGGAGCGTTCGCCGCTCTGCTTAAGATATAGTCGGGCCCCTTAGGAAACTAAGGGGGTGAGTACACTGCTCGAAATTTAAACTTGAACGTGTCTCGGATAGCGCTCATGTTAGAATTTCGAGACTGTCGACTGCCTCGCGGTTTGACAGCTCTTAAAACGTTCCGTAGGTGAACCTGCGGAAGGATCATTACAGAAAGTAAACGCGGATCAAACCGCGAACTTCTAAACCTTTGACGATTGACTCATGTTGCCTCGGCGGGTTCTCCCGCCAGAGGATACATTAAAACTCCTGTTTTAACGGTGTTGTCTGAGCTACAAGCAACGAATCAAAACTTTCAACAACGGATCTCTTGGTTCTGGCATCGATGAAGAACGCAGCGAAATGCGATAAGTAGTGTGAATTGCAGAATTCAGTGAATCATCGAATCTTTGAACGCACATTGCGCCCCTTGGTATCCCGAGGGGCATGCCTGTTCGAGCGTCATTTCACCACTCAAGCCTGGCTTGGTGTTGGGCGACGTCCCCTTTAGGGACACGCCTCGAAACGCTCGGCGGCGTGGCACCGGCTTTAAGCGTAGCAGAATCTTTCGCTTTGAAAGTCGGGGCCCCGTCTGCCGGAAGA
F2A,santa.catalina,1,F2,594457.5,3540872.5,2183.6,F2AC,A,Agaricomycetes,Lactarius,CTGCGGAAGGATCATTATCGTACCACATGTGTGAGGCGTGCGAGGGCTGTCGCTGACTTTTTGACACAAAAGTCGTGCACGCCGGAGCGTGTCCTCTCACATAAAATCCATCTCACCCTTTTGTGCACCACCGCGTGGGCACCTTTTGGGATCGAACCGATCCTGGAGGGGGCTTGCGTTTTCACACAAACCCCTTTTAAAAAGTGTAGAATGACCCCATTTTGCGATGACACGCAATCAATACAACTTTCAACAACGGATCTCTTGGCTCTCGCATCGATGAAGAACGCAGCGAAATGCGATACGTAATGTGAATTGCAGAATTCAGTGAATCATCGAATCTTTGAACGCACCTTGCGCCCCTTGGTATTCCGAGGGGCACACCCGTTTGAGTGTCGTGAAAATCTCAACCTTCTCGGTTTTCTTCTGGACACCGAAGGAGGCTTGGACTTTGGAGGCCTTTGCTGGCGTCTCTCTCTTTTTGAGAGCCAGCTCCTCTTAAATGAATTAGCGGGGTCCTCTTTGCCGATCCTCGACATGTGATAAGATGTTTCCATGACTTGGTTTCTGGCTCTGTTGCCTTTGGGACCCGCTTCTAACCGTCTCTCGACGAGACAATGTTTGGGCGTGTCTCCCTTCTCGGGAGACTCTCTCAACCCCACGAACCCTTGACCTCAAATCGGGTGAGACTACCCGCTGAACTTAAGCATATC
F2A,santa.catalina,1,F2,594457.5,3540872.5,2183.6,F2AD,A,,,GCCGCTGGCAACACAATCGAATTGCGGGGACGCTTTAAAGCTCAGTGGTACCAACCCTCCGGATGCCGGAGGGGGCGGGCAATGCCCGAGGTCAGAACCCACCGAGATGTACAATAAGCAATCCGCAGCGGTCCGTCTGGACCGTCCACAGACTAAGTGGTTGTGGGGAGCCCAGCTCCTTAAGATATAGTCGGGCCCGGTGAGCAGTCACCGGGGGTTCTGCGTCCGTAGGTGAACCTGCGGAAGGATCATTACAAGTGAGGCTACTGAACGTTGGAAACAACGGTCGGGAGCTTACACCCACCCGTGTTTACATACTATTGTTGCTTTGGCGGGCCGTGGCCTCCACTGCGGGCTTTGCTCGTGTGTGCCCGCCAGAGAACCAAACTCTGAATGTTAGTGATGTCTGAGTACTATCTAATAGTTAAAACTTTCAACAACGGATCTCTTGGTTCTGGCATCGATGAAGAACGCAGCGAAATGCGATAAGTAATGTGAATTGCAGAATTCAGTGAATCATCGAATCTTTGAACGCACATTGCGCCCTGTGGTATTCCGCAGGGCATGCCTGTTCGAGCGTCATTTAACCACTCACGCCTAGCGTGGTATTGGGGCACGCGGTCTCCGCGGCCCTCAAAGTTAGTGGCGGCGCCGGTGGGCTCTAAGCGTAGTACATACTCCCGCTATAGAGTTCCCCCGGTGGCTCGCCAGAACCCCCAA
F2A,santa.catalina,1,F2,594457.5,3540872.5,2183.6,F2AE,A,Agaricomycetes,Amanita,AGTTATCAGACAAATGTCAATTAGAGAGCAGAGAGAGATCACAGTGCATCACCTGCAGCCTGCTTTCCTGGCGTAGATAAGTTAATTCATCTATCACACCAATGGAAAGGCAGAAGTGACTTGGCACCTCCCCCCCAAAGCTAATGTCTTTCAGGAGAGCTGGCTCATAAAGCCAGCAGACACTCCCACAATCCAAAACACACACTCAAGTGTATGCTTTGAGAGAATTTAATGACACTCAAACAGGCATGCTCCTCGGAATACCAAGGAGCGCAAGATGCGTTCAAAGATTCGATGATTCACTGAATTCTGCAATTCACATTACTTATCGCATTTCGCTGCGTTCTTCATCGATGCGAGAGCCAAGAGATCCGTTGTTGAAAGTTGTATTACTATTTTTTATCACATTCTGTACAACAAGTGTTCATGTATGTAAAGAAAATCATAGACAACCT
F2B,santa.catalina,1,F2,594457.5,3540872.5,2183.6,F2BA,B,Dothideomycetes,Cenococcum,TCCGCAGTGTACACTTGTAGAAGCCTTTGCAGCCACGCAAGTGGTAGATCTAGGCGACTTTAAATAATCCTAGGATCGCTATGCAAGTCGGTCCACGCATGTGGTGCCGGCGACACTTTCGAATTGACGGGGATACCCTAAAGCCTGTCGCACCAACTCTGTGTGGGAAACCGCTGGAGGGCCCGTGCTAACTACACGGGGTGGTAACAGACGACATGGATACCTCCACGCCTTTGGTGTGGATACTATGGGCAATCCGCAGCGAAGCCCCTAAGTCCGGCCGCCGGATATGGGGAACGTTCACAGACTAAGTGGAAGTGGGTGGAGCGTTCGCCGCTCTGCTTAAGATATAGTCGGGCCCCTTAGGAAACTAAGGGGGTGAGTACACTGCTCGAAATTTAAACTTGAACGTGTCTCGGATAGCGCTCATGTTAGAATTTCGAGACTGTCGACTGCCTCGCGGTTTGACAGCTCTTAAAACGTTCCGTAGGTGAACCTGCGGAAGGATCATTACAGAAAGTAAACGCGGATCAAACCGCGAACTTCTAAACCTTTGACGATTGACTCATGTTGCCTCGGCGGGTTCTCCCGCCAGAGGATACATTAAAACTCCTGTTTTAACGGTGTTGTCTGAGCTACAAGCAACGAATCAAAACTTTCAACAACGGATCTCTTGGTTCTGGCATCGATGAAGAACGCAGCGAAATGCGATAAGTAGTGTGAATTGCAGAATTCAGTGAATCATCGAATCTTTGAACGCACATTGCGCCCCTTGGTATCCCGAGGGGCATGCCTGTTCGAGCGTCATTTCACCACTCAAGCCTGGCTTGGTGTTGGGCGACGTCCCCTTTAGGGACACGCCTCGAAACGCTCGGCGGCGTGGCACCGGCTTTAAGCGTAGCAGAATCTTTCGCTTTGAAAGTCGGGGCCCCGTCTGCCGGAAGAC
F2B,santa.catalina,1,F2,594457.5,3540872.5,2183.6,F2BB,B,,,CTGCGGAAGGATCATTATTGAAATAAATNTGAACAGGCTGTTTGCTGGTCGGAAGACATGTGCACGCTTGTTCNTCTTTATTTTTCCAACTGTGCACATATTGTAGACCTGTGATGTTGTTTGAGAGGTNTATGTTACACTTTAACAACGCGTTTTAGAATGTCGGGTACTGGGGATATAACAAATATACAACTTTCAGCAACGGATCTCTTGGCTCTCGCATCGATGAAGAACGCAGCGAAATGCGATAAGTAATGTGAATTGCAGAATTCAGTGAATCATCGAATCTTTGAACGCATCTTGCGCTCCTTGGTATTCCGAGGAGCATGCCTGTTTGAGTGTCATCAAGTTCTCAACCATACCTCGGTGTGGCTTGGATTTGGGGGGTTTTTGCAGGCTTCAATGAAGGTCGGCTCCCCTGAAAAGCATTAGCGGTGTCCGAGTACCTTTGGTGTGATAACNATCATGCCTTGGTGTATACGATGCATGCTGCTTCTGAACTTGCGTCTTGCGCAATTTTTATNGACAAATTTGACCTCAA
F2B,santa.catalina,1,F2,594457.5,3540872.5,2183.6,F2BC,B,Agaricomycetes,,CTGCGGAAGGATCATTATCGTAAAACGGGGGCGCGGAAGGCTGTCGCTGACCTTTGAACGGTCGTGCACGCCAGAAGTGCCCTCGCACACAATCCACCTCACCCCTTGTGCATCACCGCGTGGGGGCTCCTTTTGGCTCGTTCCAAAGGGGTGCTCACGTTTTAACACAGACACCCATTAGAATTCAGTGTAGAATGTCTTTATGCGATAACACGCAATCAATACAACTTTCAACAACGGATCTCTTGGCTCTCGCATCGATGAAGAACGCAGCGAAATGCGATACGTAATGTGAATTGCAGAATTCAGTGAATCATCGAATCTTTGAACGCACCTTGCGCCCCTTGGCATTCCGAGGGGCACACCCGTTTGAGTGTCGTGACATCCTCAACCTTCTTGGTTTTTTTGATCAGGAAGGCTTGGAATTTGGAGGTTCTTGCCGGCTTCCCCTTCGAAGCCAGCTCCTCTTAAACGAATTAGTGGGGTCCACTTCTGCCGATCCTTGACATGATAAGATGTTTCTGTGTCTTGGTATAGAGCAAAGAAAACCTGCTTCTAACCGTCTCTTAGGAGACATCGTTTTGACCCT
F2B,santa.catalina,1,F2,594457.5,3540872.5,2183.6,F2BE,B,Agaricomycetes,Rhizopogon,CTGCGGAAGGATCATTAATGAATGTATAAATGGCGAAGTTGAGGAATTTAGGGGGGAAAAACAGCTGTCGCTGGCCTTGTAATTGAGGCATGTGCACGCTATGCTCCCTGAGGACCTCTTCGACGTCTATCATCTCATCTCTCTCACCTGTGCACCTAATGTAGGTCTGCATGGTTTTGGTAAAACAGAACTGTGCTAGAGCCTCTCTCTCTGCTCTGCGGGGGGAAAGGACAAAGTACCTATGTCTTCAAAATACATCTTCGTGTAGAAAGTCTTAGAATGTTTACTATCATTGAGTCGCGACTTCTAGGAGACGCGGGTCTTTGAGTTAAAAGTTTATTACAACTTTCAGCAATGGATCTCTTGGCTCTCGCATCGATGAAGAACGCAGCGAAACGCGATATGTAATGTGAATTGCAGATCTACAGTGAATCATCGAATCTTTGAACGCACCTTGCGCTCCTTGGTATTCCGAGGAGCATGCCTGTTTGAGTGTCAGTAATTTCTCAACCCCTCTTGATTAGCTTCGAGGGGGAGTTTGGATAGTGGGGGTTTGCAGGAAACTTGGGCTTTGGCTTTCTAGTTAAAGTCTAGGATTCGGGCTCTCCTGAAATACATTGGCTTTCGGTCGACTTTCGACTTTGCGTGACAAGGCTTTCGGCGTGATAATGATCGCCGTGTGCTGAAGCGCATGACTGTAAGGTTCCGTGCCTCTAATATGTCGACCAACTCAGCTGAGTTGGTCTTCCTTAATTGACTTTTTGACCTCAAATCAGGTAGGACTACCCGCTGAACTTAAGCATATCAT
F2B,santa.catalina,1,F2,594457.5,3540872.5,2183.6,F2BF,B,Agaricomycetes,Amphinema,CTGCGGAAGGATCATTATAGAATTATAAGCGAGGGTTGTCGCTGGCCTTTCGGGGCATGTGCACGCCCGAGCTCTTAAATCCACAACACACCTGTGAACCCACCGTAGGCCTTCGGGCTTATGCATTTATACTCTGTATGTGTCATAGAATGTCATGTTGCATTAAAAACGCAATTAAATACAACTTTCAACAACGGATCTCTTGGCTCTCGCATCGATGAAGAACGCAGCGAAATGCGATAAGTAATGTGAATTGCAGATTTTCAGTGAATCATCGAATCTTTGAACGCACCTTGCGCTCCTTGGTATTCCGAGGAGCATGCCTGTTTGAGTGTCATTAAATCATCAACCCCACCGATTTGTTTCGGCTTGGGGCTTGGACTTGGAGCGTGCTGGCGAAGGTCGGCTCCTCTTTAAATGCATCAGTGGAAGAATGCACTTTTTTCCCCCTTCAGCGTGATAATCCTGTTGCGCTGTGTGTGGGTCGAAGGTGTTCCGCTTATAATCGTCCTTCGGACAAACGAGCCCATCTATTTTTGACCTCAAATCAGGTAGGACTACCCGCTGAACTTAAGCATATCA
F2C,santa.catalina,1,F2,594457.5,3540872.5,2183.6,F2CA,C,Agaricomycetes,,CTGCGGAAGGATCATTATCGTAAAACGGGGGCGCGGAAGGCTGTCGCTGACCTTTGAACGGTCGTGCACGCCAGAAGTGCCCTCGCACACAATCCACCTCACCCCTTGTGCATCACCGCGTGGGGGCTCCTTTTGGCTCGTTCCAAAGGGGTGCTCACGTTTTAACACAGACACCCATTAGAATTCAGTGTAGAATGTCTTTATGCGATAACACGCAATCAATACAACTTTCAACAACGGATCTCTTGGCTCTCGCATCGATGAAGAACGCAGCGAAATGCGATACGTAATGTGAATTGCAGAATTCAGTGAATCATCGAATCTTTGAACGCACCTTGCGCCCCTTGGCATTCCGAGGGGCACACCCGTTTGAGTGTCGTGACATCCTCAACCTTCTTGGTTTTTTTGATCAGGAAGGCTTGGAATTTGGAGGTTCTTGCCGGCTTCCCCTTCGAAGCCAGCTCCTCTTAAACGAATTAGTGGGGTCCACTTCTGCCGATCCTTGACATGATAAGATGTTTCTGTGTCTTGGTATAGAGCAAAGAAAACCTGCTTCTAACCGTCTCTTAGGAGACATCGTTTTGACCCTGA
F2C,santa.catalina,1,F2,594457.5,3540872.5,2183.6,F2CB,C,Agaricomycetes,,CTGCGGAAGGATCATTATCGTAAAACGGGGGCGCGGAAGGCTGTCGCTGACCTTTGAACGGTCGTGCACGCCAGAAGTGCCCTCGCACACAATCCACCTCACCCCTTGTGCATCACCGCGTGGGGGCTCCTTTTGGCTCGTTCCAAAGGGGTGCTCACGTTTTAACACAGACACCCATTAGAATTCAGTGTAGAATGTCTTTATGCGATAACACGCAATCAATACAACTTTCAACAACGGATCTCTTGGCTCTCGCATCGATGAAGAACGCAGCGAAATGCGATACGTAATGTGAATTGCAGAATTCAGTGAATCATCGAATCTTTGAACGCACCTTGCGCCCCTTGGCATTCCGAGGGGCACACCCGTTTGAGTGTCGTGACATCCTCAACCTTCTTGGTTTTTTTGATCAGGAAGGCTTGGAATTTGGAGGTTCTTGCCGGCTTCCCCTTCGAAGCCAGCTCCTCTTAAACGAATTAGTGGGGTCCACTTCTGCCGATCCTTGACATGATAAGATGTTTCTGTGTCTTGGTATAGAGCAAAGAAAACCTGCTTCTAACCGTCTCTTAGGAGACATCGTTTTGACCCT
F2C,santa.catalina,1,F2,594457.5,3540872.5,2183.6,F2CD,C,Agaricomycetes,,CTGCGGAAGGATCATTATCGTAAAACGGGGGCGCGGAAGGCTGTCGCTGACCTTTGAACGGTCGTGCACGCCAGAAGTGCCCTCGCACACAATCCACCTCACCCCTTGTGCATCACCGCGTGGGGGCTCCTTTTGGCTCGTTCCAAAGGGGTGCTCACGTTTTAACACAGACACCCATTAGAATTCAGTGTAGAATGTCTTTATGCGATAACACGCAATCAATACAACTTTCAACAACGGATCTCTTGGCTCTCGCATCGATGAAGAACGCAGCGAAATGCGATACGTAATGTGAATTGCAGAATTCAGTGAATCATCGAATCTTTGAACGCACCTTGCGCCCCTTGGCATTCCGAGGGGCACACCCGTTTGAGTGTCGTGACATCCTCAACCTTCTTGGTTTTTTTGATCAGGAAGGCTTGGAATTTGGAGGTTCTTGCCGGCTTCCCCTTCGAAGCCAGCTCCTCTTAAACGAATTAGTGGGGTCCACTTCTGCCGATCCTTGACATGATAAGATGTTTCTGTGTCTTGGTATAGAGCAAAGAAAACCTGCTTCTAACCGTCTCTTAGGAGACATCGTTTTGACCCTGA
F3B,santa.catalina,1,F3,594457.5,3540872.5,2183.6,F3BA,B,Agaricomycetes,Thelephoraceae,GGGCTGTCCTCACTGAGGAGAGACGTCTGTGAGCTCCAGCGAACCTCCACTGCTGAAGGTTACCTGGTGGAAAACCACAAGCGTAGATAGTTATCACACCTGTGATGCCCACCAAACACTGGCAAGCTGATTCATTTTAGAGGAGCTGACCACATGGCCAGCAAGACCCCCAAAGTCCAAGCTCATCATGGAAAACCATAAAGAGTTGAGGTGTTCATGATACTCAAACAGGCATGCCCTTTGGGGGTGGCCAAAGGGCGCAAGGTGCGTTCAAAGATTCGATGATTCACTGAATTCTGCAATTCACATTACTTATCGCATTTCGCTGCGTTCTTCATCGATGCGAGAGCCAAGAGATCCGTTGCTGAAAGTTGTATTGTATTGCGTTAAACGCGGCATGCATTCCATGAGACTTTGTTACGGTGTGTGTGTAAAGAAGCAGAACCACAGCAGGAGGACAGGCCCCCCGACCATAGAACTACAGAGGGTGCACATGGTGTGAGTGGATGTGTGAACAGAGCGTGCACATGTCCCCCTGTTTCAAGAACCACCAC
F3B,santa.catalina,1,F3,594457.5,3540872.5,2183.6,F3BC,B,Agaricomycetes,,CTGCGGAAGGATCATTAACGAATTAGAGAGTTGATGCTGGTAGTCTGACTACATGTGCTCGCTCTCCTAATCCCACTTACACCTGTGCACTTTAACTTTGGAGGGAGGGTAAAACCTGCCTTCGAAATTCACAAACTCTTGTTTTTAAATTATGAATGTTTATCTGCCGCAAGGCAAAATTTAATACAACTTTTAACAACGGATCTCTTGGCTCTCGCATCGATGAAGAACGCAGCGAAATGCGATAAGTAATGTGAATTGCAGAATTCAGTGAATCATCGAATCTTTGAACGCACCTTGCGCTCCCTGGTATTCCGGGGAGCACGCCTGTTCGAGTGTCATGAAACTCTCAAACAAGGTAGATTTGTTTCTACCTCTGTTTGGATTTGGACTCTGCTGCGTCAATGCGGCTGGTCTTAAATATATTAGCTGATCCTAGCGAAGGTTTGGTTCTACTCAGCATGATAATTATCTGATGTTGAGGACAGTCTTAGGACTGGCCAGGCTCTCTCTATGGATTGCTTCTAATCGTCTTTGGACAATCATTCAA
F3B,santa.catalina,1,F3,594457.5,3540872.5,2183.6,F3BD,B,Agaricomycetes,Russula,CTGCGGAAGGATCATTATCGTACTACAGAGGCGTGAGGGTTGTCGCTGACCTTTCTAAAAAGTCGTGCACGCCCGAGCGCTCTCAATCCATTTCACCCTTTGTGCATCACCGCGCGGGGTCGCTCCCTCTTGGCTCGCTTCGAGAGGGGGAGGCTCGCGTTTTTCACACATAAACACCCTTATAGTTTAGAATGTCATTAGTTTGCGATCACACGCAATCAATACAACTTTCAACAACGGATCTCTTGGCTCTCGCATCGATGAAGAACGCAGCGAAATGCGATACGTAATGTGAATTGCAGAATTCAGTGAATCATCGAATCTTTGAACGCATCTTGCGCCCCTTGGTATTCCGAGGGGCACACCCGTTTGAGTGTCGTGAAATTCTCAAACCTTCTTGGTTTCTCGATCAAGATGGCTTTGGACTTTGGAGGCGTTTTGCTGGCTTTGCGAAAAGTCAGCTCCTCTTAAATACATTAGTGGGGTCCCCTTTGCCGATCCCCAGGCGTGATAAGATGTTTCTACGTCTTGGGATTTGCTCTGTTCCTTGGGAACCCGCTTCTAACCGTCTCATGGGAGACACAGTTCGAGTTTGCTCGACGCACGAACCTTGACCTCAAATCGGG
F3B,santa.catalina,1,F3,594457.5,3540872.5,2183.6,F3BE,B,Agaricomycetes,Thelephoraceae,TTACTGAATTGTCACAAGAGTTGTTGCTGGTCTTCAAAACGAGGGCATGTGCACGCTCTGTTTACAAATCCACTCACACCTGTGCACTTTCTGTAGTTCTATAGTCAGGGAGGCCCTGCCTTCCTTCTGTAGTCCTATATCTCTTCACACACACACACACTCGGTGAAAAAGTCTCGTGGAATGTATGCCGCGTTTAACGCAATACAATACAACTTTCAGCAACGGATCTCTTGGCTCTCGCATCGATGAAGAACGCAGCGAAATGCGATAAGTAATGTGAATTGCAGAATTCAGTGAATCATCGAATCTTTGAACGCACCTTGCGCCCTTTGGCTATTCCGAAGGGCATGCCTGTTTGAGCATCATAAACATCTCAACTCTCATGGTTTCCCATGATGAGATTGGACTTTGGGGGTCTTGTTGGCTTGTGTTCAGCTCCCCTCAAATCTATCAGCTTCCCAGTGTTTGGCGGCATCACAGGTGTGATAAATATCTACGCTTGTGGTTCTTTGCCAGGTCTGTCCTCTCCTTGTAGAGGGCTCACTGGAGCTCATAGATGTCTCTCCTTTGTGGAGACAGCTGTTGAAGT
F3B,santa.catalina,1,F3,594457.5,3540872.5,2183.6,F3BF,B,Agaricomycetes,Thelephoraceae,CTGCATCTTTACACACGCCGTAATAAAGTCTTATGGAATGCACACCGCGTTTAACGCAATACAATACAACTTTCAGCAACGGATCTCTTGGCTCTCGCATCGATGAAGAACGCAGCGAAATGCGATAAGTAATGTGAATTGCAGAATTCAGTGAATCATCGAATCTTTGAACGCACCTTGCGCCCTTTGGCTATTCCAAAGGGCATGCCTGTTTGAGTATCATGAACACCTCAACTCTCATGGTTTGCCATGATGAGCTTGGACTTTGGGGGCTTTGCTGGCCTACGGTCGGCTCCTCTCAAATGAATCAGCTCACCAGTGTTGGGTGGCTTCACAAGTGTGATAA
F3B,santa.catalina,1,F3,594457.5,3540872.5,2183.6,F3BG,B,,,CTGCGGAAGGATCATTACTGAAAAACTTTTCTAGTTTTTTTATATCCCATTGTCTACCTACCATGTTGCTTCCACTGGACATGTTTTACCTTGTGTAAGACCTTTTGGCTTGTGTGAATTAACCCAAGTCCGGAAGTTGCCAGTGGCAAGACTATTTACCAAAACTTGATTAAAACACATTGTCTGAATCTTTTGCTTCAATAAAATAAAACTTTCAACAACGGATCTCTAGGCTCTTGCATCGATGAAGAACGCAGTGAAATGCGATAAGTAATGTGAATTGCAGAATCTCGTGAATCATCGAATCTTTGAACGCACATTGCGCCCTATGGTATTCCGTAGGGCATGCCTGTCTGAGCGTCAGCTCCCCCCCAATCAAGTATCTGATTTTCTGATGCTTGGAATGCTTTGGAGAGGTGTCTTGTTATAGAGCCGCCCTCCAGAAATTAATAGGCAGTATGGTTTGCACCTGAACCAGACGTAATAATAATAAAATCGTTTGTTTGAGTATAATTGTGCTTGTCTTAACCCACCCATTTTTTTTCTTCTTTGGGTGACCTCAGATCAGGTAGGGATACCCGCTGAACTTAAGCATATCAT
F3C,santa.catalina,1,F3,594457.5,3540872.5,2183.6,F3CA,C,Agaricomycetes,Sebacinaceae,CTGCGGAAGGATCATTAATGATTGCGAATGGTNGCCTTCGGTGCTGGCTCTTGCAAGTGCACGTTGGTGGCTTTCATCCAATACCCCTGTGAACCTTTGGCCTCTTGCTAGCTTCGGCTGGCAGAGGATTTTTACACACTCGAATGTAATGAAAACTATTGTCGTGCGCAAGCACTAATGTACAACTTTCAACAACGGATCTCTTGGCTCTCGCATCGATGAAGAACGCAGCGAAATGCGATAAGTAATGTGAATTGCAGAATTCAGTGAATCATCGAATCTTTGAACGCACCTTGCACCCTTTGGTATTCCGAAGGGTATGCTCGTTTGAGTGTCATTGTACTCTCACACTCTCTGGTCCTTTGGATTCAGGGAGCGGTGGACTTGGGTGTTTGCTGCTTTCCTGGTGGCTCACCTCAAATGCGTTAGTGCACCTCTTGGTTGGACATAGTACGGCGTGATAAGTATCTTCGCCGGCACCTCGCAAGAGGGTGGCCGATTGGGAGCTCTGTGCTTTCAAACCGTCTTCGGACAATCTTTGACAACT
F3C,santa.catalina,1,F3,594457.5,3540872.5,2183.6,F3CB,C,Dothideomycetes,Cenococcum,CTGCGGAAGGATCATTACAGAAAGTAAACGCGGATCAAACCGCGAACTTCTAAACCTTTGACGATCGACTCATGTTGCCTCGGCGGGTGCTCCCGCCAGAGGATACATCAAAACTCATGTTTTAACGGTGTTGTCTGAGCTACAAGCAACGAATCAAAACTTTCAACAACGGATCTCTTGGTTCTGGCATCGATGAAGAACGCAGCGAAATGCGATAAGTAGTGTGAATTGCAGAATTCAGTGAATCATCGAATCTTTGAACGCACATTGCGCCCCTTGGTATCCCGAGGGGCATGCCTGTTCGAGCGTCATTTCACCACTCAAGCCTGGCTTGGTGTTGGGCGACGTCCCCTTTGGGGACGCGCTTCGAAACGCTCGGCGGCGTGGCATCGGCTTTAAGCGTAGCAGAATCTTTCGCTTTGAAAGTCGGGGCCCCGTCTGCCGGAAGACCTACTCGCAAGGT
F3C,santa.catalina,1,F3,594457.5,3540872.5,2183.6,F3CD,C,Agaricomycetes,Rhizopogon,CTGCGGAAGGATCATTAATGAATGTATAAATGGCGAAGTTGAGGAATACAGGGGTAAAACAGCTGGCTGTCGCTGGTCTTGTAATGAGGCATGTGCACGCTTGCTCCCTGAGGACCTCTTCGACGTCTATCATCTCATCTCTCTCACCTGTGCACCTAATGTAGGTCTGCATGGTTTTGGTAAAACAGAACCGTGCTAGAGCCTCTCTCTCTGCGGGGGGAAAGGACGAAAGTACCTATGTCTTCAAATACATCTTCGTGTAGAAAGTCTTTGAATGTTTTACTATCATCGAGTCGCGACTTCTAGGAGACGCGGGTCTTTGAGTTAAAAGTTTATTACAACTTTCAGCAATGGATCTCTTGGCTCTCGCATCGATGAAGAACGCAGCGAAACGCGATATGTAATGTGAATTGCAGATCTACAGTGAATCATCGAATCTTTGAACGCACCTTGCGCTCCTTGGTATTCCGAGGAGCATGCCTGTTTGAGTGTCAGTAATTTCTCAACCCCTCTTGATTAGCTTCGAGGGGGAGCTTGGATAGTGGGGGTTTGCAGGAAACTTGGACTTTTAGTCTAGGATTCGAGCTCTCCTGAAATACATTGGCTTGCGGTCGACTTTCGACTTTGCGCGATAAGGCTTTCGGCGTGATAATGATCGCCGTGTGCTGAAGCGCATGACTGTGAAGTTCCGTGCCTCTAATACGTCGACGTTTCTCTCTCTAGGGAGGGGACTGTCTTCCTTAATTGACTTTTGACCTCAAATCAGGTAGGACTACCCGCTGAACTTAAGCATATCA
F3C,santa.catalina,1,F3,594457.5,3540872.5,2183.6,F3CE,C,Agaricomycetes,,CTGCGGAAGGATCATTATCGAATTATAGGCGAGGGTTGTAGCTGGCCTCTCGAGGCACGTGCACGCCCGAGCCCTTGAATCCCACGACACACCTGTGAACCCACNGTAGGCNTTCGGGNTTATGCATCGTTAATATTACGCCGTATGTGACATAGAATGTTAGAGACGAATGGGAAAAAAAATGATAATACAACTTTCAACAACGGATCTCTTGGCTCTCGCATCGATGAAGAACGCAGCGAAATGCGATAAGTAATGTGAATTGCAGATTTTCAGTGAATCATCGAATCTTTGAACGCACCTTGCGCCCCTTGGTATTCCGAGGGGCATGCCTGTTTGAGTGTCATTAAATCCTCAACCCCTCAGGGGGCTTGGACTTTGGAGCGTGCTGGCGGTGATCGTCGGCTCCTCTTTAAATGCATCAGCGGAACCCTCGTTCCCCGTTTCGGCGTGATAGATTTATGTTGCGCCGCGTAGGGGGGCGGTCAAGTGGTTTTTCCGCTTCCAATCGTCCTCGGACAAAAGATATCGTTGACAACTT
F3C,santa.catalina,1,F3,594457.5,3540872.5,2183.6,F3CF,C,Agaricomycetes,,CTGCGGAAGGATCATTAACGAATTAGAGAGTTGATGCTGGTAGTCTGACTACATGTGCTCGCTCTCCTAATCCCACTTACACCTGTGCACTTTAACTTTGGAGGGAGGGTAAAACCTGCCTTCGAAATTCACAAACTCTTGTTTTTAAATTATGAATGTTTATCTGCCGCAAGGCAAAATTTAATACAACTTTTAACAACGGATCTCTTGGCTCTCGCATCGATGAAGAACGCAGCGAAATGCGATAAGTAATGTGAATTGCAGAATTCAGTGAATCATCGAATCTTTGAACGCACCTTGCGCTCCCTGGTATTCCGGGGAGCACGCCTGTTCGAGTGTCATGAAACTCTCAAACAAAGTAGATTTGTTTCTACCTCTGTTTGGATTTGGACTCTGCTGCGTCAATGCGGCTGGTCTTAAATATATTAGCTGATCCTAGCGAAGGTTTGGTTCTACTCAGCATGATAATTATCTGATGTTGAGGACAGTCTTAGGACTGGCCAGGCTCTCTCTATGGATTGCTTCTAATCGTCTTTGGACAATCATTCAATATCTGACCTC
F3C,santa.catalina,1,F3,594457.5,3540872.5,2183.6,F3CG,C,Agaricomycetes,Coltricia,CTGCGGAAGGATCATTATTGATTGTCTTTGAAGTAGGAATTTGCACTCTCTTGCCCTGAGATGCCCTCTGATGCTATGTACTTGTTACATGTTGCTCAGGGATTTTTTTAGGGCAAGAGAGTGTGAATTGATTTGCAATCTCTTGCCCTGAGATGCCCTCTGATGCTATGTACTTGTTGCATATGCCCAGGGATTTTTTTTAGGGCAAGAGAGAGCAAATCTTTCCTGCCTTCAAATTTGTTAAAACAACACCCTGTGCACCACAAGTAAAGAGAAGAGTTCAATGTTGACACTGAGTTAGCTTTTGTGATAAGTGTATGCAAGTGCATATATGCTCATGGAGGCAGCTTAGAAGAATACACATTGGTACTCTACTTTTAACATATACAAACTCTTAAAAATGTCATGTAGAATGAGATGCTCCAGTAGTGAGCAAAAATATATATACAACTTTCAACAATGGATCTCTTGGCTCTCGCATCGATGAAGAACGCAGCGAAATGCGATAAGTAATGTGAATTGCAGAATTCAGTGAATCATCGAATCTTTGAACACACCTTGTGCTCCTTGGGTCACCTATGGAGCATGCCTGTTTGAGTGTCATAATAACTCAATTCCCCTCAGGTTTTTTGTTATGAAAAGCCTGTTCAGGTGGAGTTGGATTTGGAGGTTTCATGCAGGTCTCCCCTTGGGGGATCAGCTCCTCTTAAAAACATTAGCTTAGAGGATCAAGTAAAAAGGCTCTTTAGCATTGTTCATTGGCCATGGTGTAATAATTGTTCCATCATGGTCTGATCAGTGTGCTTGACTGGAGCCTTTTCGAGCATCCTCAGCTTCTAAATAGTGCAGGTTAGACATATTGACTCTT
F4A,santa.catalina,1,F4,594457.5,3540872.5,2183.6,F4AC,A,Agaricomycetes,Thelephoraceae,ATTGTCGACACGAGTTGTTGCTGGTCCTCAAACGGGGGCATGTGCACGCTCTGTTTGCACATCCACTCACACCTGTGCACCCTCTGTAGTTCTGTGGCTTGGGGGACTCTGTCCTCTTGCCGTGGTTCTATGTCTTTACACACACACTGTAACAAAGTCTCATGGAATGTACACCGCGTTTAACGCAATACAATACAACTTTCAGCAACGGATCTCTTGGCTCTCGCATCGATGAAGAACGCAGCGAAATGCGATAAGTAATGTGAATTGCAGAATTCAGTGAATCATCGAATCTTTGAACGCACCTTGCGCCCTCTGGCTATTCCGGAGGGCATGCCTGTTTGAGTATCATGAACACCTCAACTCTCATGGTTTGCCATGATGAGTTTGGACTTTGGGGGTCTTGCTGGCCTGTGGTCGGCTCCTCTCAAATGAATCAGCTTGCCAGTGTTTGGTGGCATCGCAGGTGTGATAACTATCTACGCTTGTGGTGTTCTGCCAGGCAACCTTCAGTGATGGAGGTTCGCTGGAGCTCACAAATGTCTCTCCTCAGCGAGGACAGCCT
F4A,santa.catalina,1,F4,594457.5,3540872.5,2183.6,F4AD,A,Agaricomycetes,,CTGCGGAAGGATCATTAACGAATTAGAGAGTTGATGCTGGTAGTCTGACTACATGTGCTCGCTCTCCTAATCCCACTTACACCTGTGCACTTTAACTTTGGAGGGAGGGTAAAACCTGCCTTCGAAATTCACAAACTCTTGTTTTTAAATTATGAATGTTTATCTGCCGCAAGGCAAAATTTAATACAACTTTTAACAACGGATCTCTTGGCTCTCGCATCGATGAAGAACGCAGCGAAATGCGATAAGTAATGTGAATTGCAGAATTCAGTGAATCATCGAATCTTTGAACGCACCTTGCGCTCCCTGGTATTCCGGGGAGCACGCCTGTTCGAGTGTCATGAAACTCTCAAACAANGTAGATTTGTTTCTACCTCTGTTTGGATTTGGACTCTGCTGCGTCAATGCGGCTGGTCTTAAATATATTAGCTGATCCTAGCGAAGGTTTGGTTCTACTCAGCATGATAATTATCTGATGTTGAGGACAGTCTTAGGACTGGCCAGGCTCTCTCTATGGATTGCTTCTAATCGTCTTTGGACAATCATTCAATATCTGACCT
F4A,santa.catalina,1,F4,594457.5,3540872.5,2183.6,F4AE,A,Agaricomycetes,,CTGCGGAAGGATCATTACTGAACTGTCAACACGAGTTGTTGCTGGCCCTCAAATGGGGGCATGTGCACGCTCTGTTTACACATCCACTCACACCTGTGCACCCTCTGTAGTTCTATGGCGTGGGGGGCCCTGCCCTCCTGCTGTGGTTCTATGTCTTTACACACACACACTGTGATGAAGTTTCATGGAATGTACATCGCGTTTAACGCAATACAATACAACTTTCAGCAACGGATCTCTTGGCTCTCGCATCGATGAAGAACGCAGCGAAATGCGATAAGTAGTGTGAATTGCAGAATTCAGTGAATCATCGAATCTTTGAACGCACCTTGCGCCCTTTGGCTATTCCGAAGGGCATGCCTGTTTGAGTATCATGAACACCTCAACTCTCGTGGTTTTGCCATGATGAGCTTGGACTTTGGGGGTCTTGCTGGCCTATGGTCAGCTCCTCTTAAATGAATCAGCTTGCCAGTGTTTGGTGGCATCGCAGGTGTGATAACTATCTACGCTTGTGGTTTTCCATCAAGTAACCTTCACCAATGGAGGTTCACTGGGGCTCATAAAGGCCTCTCCTCAGTGAGGATGGCTCCTTTTGAATGTT
F4B,santa.catalina,1,F4,594457.5,3540872.5,2183.6,F4BB,B,Agaricomycetes,Russula,CTGCGGAAGGATCATTATCGTACTACAGAGGCGTGAGGGTTGTCGCTGACCTTTCTAAAAAGTCGTGCACGCCCGAGCGCTCTCAATCCATTTCACCCTTTGTGCATCACCGCGCGGGGTCGCTCCCTCTTGGCTCGCTTCGAGAGGGGGAGGCTCGCGTTTTTCACACATAAACACCCTTATAGTTTAGAATGTCATTAGTTTGCGATCACACGCAATCAATACAACTTTCAACAACGGATCTCTTGGCTCTCGCATCGATGAAGAACGCAGCGAAATGCGATACGTAATGTGAATTGCAGAATTCAGTGAATCATCGAATCTTTGAACGCATCTTGCGCCCCTTGGTATTCCGAGGGGCACACCCGTTTGAGTGTCGTGAAATTCTCAAACCTTCTTGGTTTCTCGATCAAGATGGCTTTGGACTTTGGAGGCGTTTTGCTGGCTTTGCGAAAAGTCAGCTCCTCTTAAATACATTAGTGGGGTCCCCTTTGCCGATCCCCAGGCGTGATAAGATGTTTCTACGTCTTGGGATTTGCTCTGTTCCTTGGGAACCCGCTTCTAACCGTCTCATGGGAGACACAGTTCGAGTTTGCTCGACGCACGAACCT
F4B,santa.catalina,1,F4,594457.5,3540872.5,2183.6,F4BD,B,Agaricomycetes,Cantharellales,CATTGAGCTCCATGCTCATATCCCATAAGGATGATTGGAAGCTAGCGCGTCACTTTAAAGTCACTTTTATGATGTTCTAAGACGTCTCTCTGTAGACCAGAGTTGTTGACCAATTAGAACGCCCTCATCACAAAAGACTTGAGAATGCTTGCTAATGCTTTCAAGGTAAGCTGAGATGAATTTCACAGCAAAGACCCAAAATCCAAAGGAGTGACAAACCCCATTTGAGAGACTCAAATGACCCTCGAACAGATGTACCCCCTATGAGTCAACCCCCAATTGGAAGCGACCGAGAGGGCGCAATTGCGTTCAAAGACTCGATGATTCACTTGGTGTTATTCGTAAATTAGAGTTACTTGGATGCAATTCACACCAGTTATCGCATTTCACTGCGTTCTTCATCGATGCGAGAACCAAGAGATCCATTGCTGAAAGTTGTCAAATGAAGCCCATGATCAAAACAATCATTTATGGACAGAATTTGTTTGAGCCCAAAAGCTCATTGACACTCAAAAAGAGGGATACCCCCCTCCCCAAGAGTCCGATTGCTTTCAAACATGACCAATTGAGTGATACAGCGCATCCAACTCACAGTTGAATGGATTGGGTTAAGATGAGACACCCGAAAGCAAATCATAAAAAGGGCATCTCTTCTCAGACCCATCTCAGTATCACAGTGAGCCCATCTGAACCCACTTAGAGTAAAGAAAAGACATGCTTGTGTAGGGCCTTTAAGGCC
F4B,santa.catalina,1,F4,594457.5,3540872.5,2183.6,F4BE,B,Agaricomycetes,Amanita,CTGCGGAAGGATCATTACTGAACGAAATGGGTGGCAAGGCTGTCGCTGGCTCTAATGAGCATGTGCACGCCTTTTGCTGCTTGCTTCATTCTCTTTTCCACCTGTGCACTCTTTGTAGATACTCGGGATGGGAGAGAGGTTGGCATCGAATGTTGACCTTTCTTGATATTAAAAAGTCTGGGTGTCTATGTGTTTTTTCACATACACAATTTGAATGTCTATAGAATGAAATTGTAGGCTTTTGTCAGCCTTTTAAATGATAAAATACAACTTTCAACAACGGATCTCTTGGCTCTCGCATCGATGAAGAACGCAGCGAAATGCGATAAGTAATGTGAATTGCAGAATTCAGTGAATCATCGAATCTTTGAACGCATCTTGCGCTCCTTGGTATTCCGAGGAGCATGCCTGTTTGAGTGTCATTAAATATCTCAAAAACCTTGTGCTTTTTTGGCATGGGATTTTTGGACATTGGGAGTTGCCGGCTGCTGATAAAGTGGTGGGCTCTTCTGAAAAGCATTAGTTGAGGAGCTTTGCACTCTATTGGTGTGATAGACTATCTATGCCAGGAGATGCTTCATGATCCTCTGCTGTCTAACTGTCTTTATCAGACAATATGATAA
F4C,santa.catalina,1,F4,594457.5,3540872.5,2183.6,F4CA,C,Dothideomycetes,Cenococcum,CTGCGGAAGGATCATTACAGAAAGTAAACGCGGATCAAACCGCGAACTTCTAAACCTTTGACGATCGACTCATGTTGCCTCGGCGGGTGCTCCCGCCAGAGGATACATCAAAACTCATGTTTTAACGGTGTTGTCTGAGCTACAAGCAACGAATCAAAACTTTCAACAACGGATCTCTTGGTTCTGGCATCGATGAAGAACGCAGCGAAATGCGATAAGTAGTGTGAATTGCAGAATTCAGTGAATCATCGAATCTTTGAACGCACATTGCGCCCCTTGGTATCCCGAGGGGCATGCCTGTTCGAGCGTCATTTCACCACTCAAGCCTGGCTTGGTGTTGGGCGACGTCCCCTTTGGGGACGCGCTTCGAAACGCTCGGCGGCGTGGCATCGGCTTTAAGCGTAGCAGAATCTTTCGCTTTGAAAGTCGGGGCCCCGTCTGCCGGAAGACCTACTCGCAAGGT
F4C,santa.catalina,1,F4,594457.5,3540872.5,2183.6,F4CD,C,Agaricomycetes,Sebacinaceae,CTGCGGAAGGATCATTAATGATTGCGAATAGTTACCTTTGGTGCTGGCTCTCGCGAGCACGTGCACGTTGGTGGCTTTCATCCACTACACCCCTTGTGAACCTTTGGCCTCTTGCTCGCTTCGGCTGGCAGAGGATTTTTACACACACACTCGAATGTAATGAAAACGTTTGTCGTGCGCAAGCACTAATGTACAACTTTCAACAACGGATCTCTTGGCTCTCGCATCGATGAAGAACGCAGCGAAATGCGATAAGTAATGTGAATTGCAGAATTCAGTGAATCATCGAATCTTTGAACGCACCTTGCACCCTTTGGAATTCCGAAGGGTATGCTCGTTTGAGTGTCATTGTACTCTCACACTCCCTGATCCTTTGGATTCGGGGAGCGGTGGACTTGGGTGTTTGCTGCTTTTCCTTGTGGCTCACCTCAAATGCGTTAGTGCACCTCTTGGTTGGACATAGTACGGCGTGATAAGTATCTTCGCCGGCACCTCGCAAGAGGGTGGCCGATTGAGAGCTCTGTGCTTTCAAACCGTCTTCGGACAACTTCTGACAACTTGACCTCAAATCGAGTAGGACTACCCGCTGAACTTAAGCATATCA
F4C,santa.catalina,1,F4,594457.5,3540872.5,2183.6,F4CE,C,Pezizomycetes,Tuber,CTGCGGAAGGATCATTACAAAATGTCTGGGATGTCCAATTTGGACTCCCAAGCAAAATACATCCATGTGTACTCTCCCATGTTGCTTCCCCAGACCAGTGGCCACTGCTGCCAGCCCCATCCCTTAACGGGTTCCAGGGTTGAGGTGTCTGGGGAAGGGCCCAATATCAAACTTTTGACCAAATTAGATGTCTGAGAAGGCCATGTGCCGTAACATATAAACTTGTTAAAACTTTCAACAACGGATCTCTTGGCTCTCGCATCGATGAAGAACGCAGCGAAATGCGATAAGTAATGTGAATTGCAGAATTCAGTGAATCATCGAATCTTTGAACGCACATTGCGCCCTTTGGTATTCCTTAGGGCATGCCTGTTCGAGCGTCACTAAAAACCCCCTCACACATAATGTGGTATTGGTAGAAGTGGATAGTACGAACACTACTTTGTCTTACTCTACTGAAATGAATAGGCCAGAGAAGTGGACCATGGTAATAGACTCCAGGAGTGTTTTAAAATGCTAAACTAGTCTTAACCAAGTCATATTCTGAGCTACTGGACCCCCCATTTAGTCCAAACCAAAGAGGTGA
F5A,santa.catalina,1,F5,594457.5,3540872.5,2183.6,F5AB,A,Pezizomycetes,Peziza,CTGCGGAAGGATCATTATCGAAAGCTCTGGCTTTTGCTGTGCCTTGAACCCTTTGATGTATAAAACCTTTGTTGCTTCCATCGGCCGATGCCCCAAAACTGCGGCATCGACTGATGGAGGGTATTTGAGAACTTGGCTGTTTTAAATGGTTATTAGTCTGAAATATTTGACATGAAAATGCTCAAATAATAAAACTTTCAACAACGGATCTCTTGGCTACTGCATCGATGAAGAACGCAGCGAAATGCGATAAGTAATGTGAATTGCAGAATTCAGTGAATCATCGAGTCTTTGAACGCACATTGCGCCCTATGGTTATTCCGTAGGGCATGCCCGTCTCAGCGTCAGAAGAAAAACCCTCAGGCAAGGCTTTGATGCCATGCCTGGATTGTGTCAGAGCGGCAGCAGACCTGAGGTCATTTTGCCCTTTGTAAAACCATGGATGTATTGAAGATTTGTTTCATTCCAACGTGATAGAATATTTGATTCGTTGGTATCAATTATCTGCACATATTTCCAAAAAAAAAGAACCCACAAAATTGTTGACATATTGACT
F5B,santa.catalina,1,F5,594457.5,3540872.5,2183.6,F5BA,B,Pezizomycetes,,CTGCGGAAGGATCATTACTACAACAACAACTGCAACATCAAAGTAGATTGAGAAGGCGTGGGGTAGCCGCCTGCAAGATTCGGCCCCCTGGTTTCGCCGGCGGGAGCTGGGAGTGGATCAGGCTGGGTCGGGACGCGGGGAAACCTCCCGGGACGGGCAGATTGGACCTCGCTCGGCGCGAGCGGGGGCTACTCGCGTCGTGATGAAAACCCGCCTCGGGCGGCCCGCGGCCCACGGTCGGGAACGTCGGAGGATCGCCTCGCCGCGAGGAGCCAACTTGGCGGCCGCCTCTGCCACCCCCTCCAGCGGGGAGATTGGAGCTCGCGCGTTGCTTGAAGACCCGACCCGTGACCACCGGTTCCCCCGAAACACTCTCTGCGACCGCCAGCCGGCGATTTCCAAACCAAACTCTCCGCGTACACATCCCTGTTGCTTCCCCGGGCACCGCCCCGGGGGAGGTCCCGGAGCGAACGATGCCGCCCAACCCACCAGCGTGTCCTCGGTCTGACGGCCATCGCGCCAGGGAAGAATGGGGAGAGCGAGGAATAAGAAAACAAAAAACTTTCAACAACGGATCTCTTGGTTCCCGCATCGATGAAGAACGCAGCGAAATGCGATAAGTAATGTGAATTGCAGAATTCAGTGAATCATCGAATCTTTGAACGCACATTGCGCCCCCTGGCACTCTGGGGGGCATGCCTGTTCGAGCGTCTCCAGCAAGAGCTCTCGCGCCAGTGAAGGCGCGGTCGTGGCGGCGGTGGCGTCCCCGAGCGGGCTGCCACCGGGCTGGAATGCATGGGCGGGACGCCTGCAGCGTGGCCGAGCGTGATATTTCGCTTCTGCGCCGGCTCGCGGCGAGGCTCCCGGCCCTGGCCCGTCCGTCGGGCGGGGGATTGCGTAGCGACG
F5B,santa.catalina,1,F5,594457.5,3540872.5,2183.6,F5BB,B,Agaricomycetes,Russula,CTGCGGAAGGATCATTATCGTACAATGGAGGTGCTGGGGTTGTCGCTGACCTTTGAAAGGGTCGTGCACACCTCGGTGCTTTCAAACATAAATCCACTTCACCCCTTTGTGCATCACCGCGTGGGGGTCCCTTTTAGCTAGTTCTGAAGGGGGCTTTCACGTTTTTACAAACACACCCTTTTAATGTAATATGTAGAATGTCTTACTTTTTGCGATCACACGCAATCAATACAACTTTCAACAACGGATCTCTTGGCTCTCGCATCGATGAAGAACGCAGCGAAATGCGATACGTAATGTGAATTGCAGAATTCAGTGAATCATCGAATCTTTGAACGCACCTTGCGCCCTTTGGCATTCCGAAGGGCACACCCGTTTGAGTGTCGTGACATCCTCAAACCTTCTTAGTTTCTTGACTGAGAAGGCTTTGGACTTTGGAGGCTTTTGCTGAACCTTCCCTTTGTTGAAGCCAGCTCCTCTTAAATGAATTAGTGGGGTCTGCTTTGCCTATCCTTGACGTGATAAGATGCTTCTACGTCTTGGGTTTTGCACTGTTTGCTCTAGATCCTGCTTCTAACCGTCTTATAGAAGACAAATGGTCGACTTGACCCACAAACCTGA
F5B,santa.catalina,1,F5,594457.5,3540872.5,2183.6,F5BC,B,,,CTGCGGAAGGATCATTAACGAATTGTCGACACGAGTTGTTGCTGGTCCCCAACNGGGGGCATGTGCACGCTCTGTTTACACATCCACTCACACCTGTGCACCCTCCGTAGTTCCGTGGCCTGGGGGTCTCTGCCCTCTTGCCATGGTCCTACGTCTTTACACACACACTGTAATAAAGTCTTATGGAATGTATGTCGCGTTTAACGCAATACAATACAACTTTCAGCAACGGATCTCTTGGCTCTCGCATCGATGAAGAACGCAGCGAAATGCGATAAGTAATGTGAATTGCAGAATTCAGTGAATCATCGAATCTTTGAACGCACCTTGCGCCCTTTGGCTATTCCGAAGGGCATGCCTGTTTGAGTATCATGAACACCTCAACTCTCATGGCTTGCCATGATGAGCTTGGACTTTGGGGGTCTTGCTGGCCTACGGTCGGCTCCTCTCAAACGAATCAGCTTGCCAGTGTTTGGTGGCATCACAGGTGTGATAACTATCTACGCTTGTGGTTCTCCACCAGGTAACCTNCAGTGATGGAGGTTCGCTGGAGCTCATAAACGTCTCTCCTCTGCGAGGACAACTTCTTGAACGTTTGATCTCAAATCAGGTAGGACTACCCGCTGAACTTAAGCATATCA
F5B,santa.catalina,1,F5,594457.5,3540872.5,2183.6,F5BD,B,Dothideomycetes,Cenococcum,CTGCGGAAGGATCATTACAGAAAGTAAACGCGGATCAAACCGCGAACTTCTAAACCTTTGACGATCGACTCATGTTGCCTCGGCGGGTGCTCCCGCCAAAGGATACATCAAAACTCATGTTTTAACGGTGTTGTCTGAGCTACAAGCAACGAATCAAAACTTTCAACAACGGATCTCTTGGTTCTGGCATCGATGAAGAACGCAGCGAAATGCGATAAGTAGTGTGAATTGCAGAATTCAGTGAATCATCGAATCTTTGAACGCACATTGCGCCCCTTGGTATCCCGAGGGGCATGCCTGTTCGAGCGTCATTTCACCACTCAAGCCTGGCTTGGTGTTGGGCGACGTCCCCTTTGGGGACGCGCTTCGAAACGCTCGGCGGCGTGGCATCGGCTTTAAGCGTAGCAGAATCTTTCGCTTTGAAAGTCGGGGCCCCGTCTGCCGGAAGACCTACTCGCAAGGTGA
F5B,santa.catalina,1,F5,594457.5,3540872.5,2183.6,F5BE,B,Pezizomycetes,,CTGCGGAAGGATCATTACTACAACAACAACTGCAACATCAAAGTAGATTGAGAAGGCGTGGGGTAGCCGCCTGCAAGATTCGGCCCCCTGGTTTCGCCGGCGGGAGCTGGGAGTGGATCAGGCTGGGTCGGGACGCGGGGAAACCTCCCGGGACGGGCAGATTGGACCTCGCTCGGCGCGAGCGGGGGCTACTCGCGTCGTGATGAAAACCCGCCTCGGGCGGCCCGCGGCCCACGGTCGGGAACGTCGGAGGATCGCCTCGCCGCGAGGAGCCAACTTGGCGGCCGCCTCTGCCACCCCCTCCAGCGGGGAGATTGGAGCTCGCGCGTTGCTTGAAGACCCGACCCGTGACCACCGGTTCCCCCGAAACACTCTCTGCGACCGCCAGCCGGCGATTTCCAAACCAAACTCTCCGCGTACACATCCCTGTTGCTTCCCCGGGCACCGCCCCGGGGGAGGTCCCGGAGCGAACGATGCCGCCCAACCCACCAGCGTGTCCTCGGTCTGACGGCCATCGCGCCAGGGAAGAATGGGGAGAGCGAGGAATAAGAAAACAAAAAACTTTCAACAACGGATCTCTTGGTTCCCGCATCGATGAAGAACGCAGCGAAATGCGATAAGTAATGTGAATTGCAGAATTCAGTGAATCATCGAATCTTTGAACGCACATTGCGCCCCCTGGCACTCTGGGGGGCATGCCTGTTCGAGCGTCTCCAGCAAGAGCTCTCGCGCCAGTGAAGGCGCGGTCGTGGCGGCGGTGGCGTCCCCGAGCGGGCTGCCACCGGGCTGGAATGCATGGGCGGGACGCCTGCAGCGTGGCCGAGCGTGATATTTCGCTTCTGCGCCGGCTCGCGGCGAGGCTCCCGGCCCTGGCCCGTCCGTCGGGCGGGGGATTGCGAGCGACG
F5C,santa.catalina,1,F5,594457.5,3540872.5,2183.6,F5CA,C,Dothideomycetes,Cenococcum,ATTCCTTCCGCAGTGTACACTTGTAGAAGCCTTTGCAGCCACGCAAGTGGTAGATCTAGGCGACTTTAAACAATTCTAGGATCGCTATGCAAGTCGGCCCACGCATGTGGTGCCGGCGACACTTTCGAATTGACGGGGATACCCTAAAGCCTGTCGCACCAACTCTGTGCGGGAAACCGCTGGAGGGCCCGTGCTAACTACACGGGGTGGTAACAGACGACACGGATACCTCCACGCCTTTTTTGGTGTGGATACCATGGGCAATCCGCANCGAANCCTCTAAGTCCGGCCGCCGGATACGAGGAACGTTCACAGACTAAGTGGAAGTGGGTGGAGCGTTCGCCGCTCTGCTTAAGATATAGTCGGTCCCCTTGGGAAACTAAGGGGGTGAGTACACTGCTCGAAATTTAAACTCGAGCGCGTCTCGGATGGCGCTCACGTTAGAATTTCGAGACTGTCGATCGCCTCGCGGTTCGACAGCTCTTAAACGTTCCGTAGGTGAACCTGCGGAAGGATCATTACAGAAAGTAAACGCGGATCAAACCGCGAACTTCTAAACCTTTGACGATTGACTCATGTTGCCTCGGCGGGTTCTCCCGCCAGAGGATACATCAAAACTCCTGTTTTAACGGTGTTGTCTGAGCTACAAGCAACGAATCAAAACTTTCAACAACGGATCTCTTGGTTCTGGCATCGATGAAGAACGCAGCGAAATGCGATAAGTAGTGTGAATTGCAGAATTCAGTGAATCATCGAATCTTTGAACGCACATTGCGCCCCTTGGTATCCCGAGGGGCATGCCTGTTCGAGCGTCATTTCACCACTCAAGCCTGGCTTGGTGTTGGGCGACGTCCCCTTTGGGGACGCGCCTCGAAACGCTCGGCGGCGTGGCACCGGCTTTAAGCGTAGCAGAATCTTTCGCTTCAAATGTCGGGGCCCCGTCTGCCGGAAG
F5C,santa.catalina,1,F5,594457.5,3540872.5,2183.6,F5CB,C,Agaricomycetes,Russula,CTGCGGAAGGATCATTATTGTAACAATGGGGGTGCAAGGGTTGTCGCTGACCTTCAAAGGTTGTGCACGCCTGAGCATCCTCACACATCCATCTCACCCCTTTGTGCATCACCGCGTGGGTCTCCTTTTCACAAAGGAGCTCACGTTTTCACACAAAACTTGATACAGTGTAGAATGCTATCTTTGCGGTCACACGCAATCAATACAACTTTCAACAACGGATCTCTTGGCTCTCGCATCGATGAAGAACGCAGCGAAATGCGATACGTAATGTGAATTGCAGAATTCAGTGAATCATCGAATCTTTGAACGCACCTTGCGCCCCTTGGCATTCCGAGGGGCACACCCGTTTGAGTGTCGTGAAACCCTCAAAGATCCTTTTTGGACTTACTGAAAAGGATTTTTGGACTTGGAGGTTTAATGCTTGCCTTTCACCTTTGAAAGTGAGCTCCTCTCAAATGAATTAGTGGGGTCTGCTTTGCTCGATCCTTGACGTGATAAGATGTTTCTACGTTTTGGATTTTGGCACTGTTCCTTGGACGCCTGCTTCTAACTGTCTCACAGACAATGGATGGCGATCCGGTCTCCACCGCCTAACGTCGGTGGGAGGCTGGACCCACGAATGAAAACCT
F5C,santa.catalina,1,F5,594457.5,3540872.5,2183.6,F5CC,C,,,ATCTCTCGTTGCTTTGGCGGGCCGCTGGGCCCTGCCCGGCCGCCGGCCCCGGNTGGCGCGCGCCCGCCAGAGACCTCACAGACTCTGAATGTNAGTGTCGTCCGAGTAACTATACNATCGTTAAAACTTTCAACAACGGATCTCTTGGTTCTGGCATCGATGAAGAACGCAGCGAANTGCGATAAGTAATGNGAATTGCAGAATTCAGTGAGTCATCGAATCTTTGAACGCACATTGCGCCCTGTGGTATTCCGCANGGCATGCCTGTTNGAGCGTCATTTCAACCCTCAAGCCTCGCTTGGTGTTGGGCCCTGCCCGCCGCGGCCGGCCCTAAAGATAGTGGCGGCGCCGCCTGGCCCTCANNGTNNTACCATCTCTCGNTCCAGGGTGCCGGCGGCAGCCTGCCAGAACCCCCCCCCA
F5C,santa.catalina,1,F5,594457.5,3540872.5,2183.6,F5CD,C,Agaricomycetes,,CTGCGGAAGGATCATTAACGAATTAGAGAGTTGATGCTGGTAGTCTGACTACATGTGCTCGCTCTCCTAATCCCACTTACACCTGTGCACTTTAACTTTGGAGGGAGGGTAAAACCTGCCTTCGAAATTCACAAACTCTTGTTTTTAAATTATGAATGTTTATCTGCCGCAAGGCAAAATTTAATACAACTTTTAACAACGGATCTCTTGGCTCTCGCATCGATGAAGAACGCAGCGAAATGCGATAAGTAATGTGAATTGCAGAATTCAGTGAATCATCGAATCTTTGAACGCACCTTGCGCTCCCTGGTATTCCGGGGAGCACGCCTGTTCGAGTGTCATGAAACTCTCAAACAAGGTAGATTTGTTTCTACCTCTGTTTGGATTTGGACTCTGCTGCGTCAATGCGGCTGGTCTTAAATATATTAGCTGATCCTAGCGAAGGTTTGGTTCTACTCAGCATGATAATTATCTGATGTTGAGGACAGTCTTAGGACTGGCCAGGCTCTCTCTATGGATTGCTTCTAATCGTCTTTGGACAATCATTCAATATCTGACCTCGAATCAGGTGGGACTACCCGCTGAACTTAAGCATATCA
F5C,santa.catalina,1,F5,594457.5,3540872.5,2183.6,F5CE,C,Agaricomycetes,Rhizopogon,CTGCGGAAGGATCATTAATGAATGTATAAATGGCGAAGTTGAGGAATACAGGGGTAAAACAGCTGGCTGTCGCTGGTCTTGTAATGAGGCATGTGCACGCTTGCTCCCTGAGGACCTCTTCGACGTCTATCATCTCATCTCTCTCACCTGTGCACCTAATGTAGGTCTGCATGGTTTTGGTAAAACAGAACCGTGCTAGAGCCTCTCTCTCTGCGGGGGGAAAGGACGAAAGTACCTATGTCTTCAAATACATCTTCGTGTAGAAAGTCTTTGAATGTTTTACTATCATCGAGTCGCGACTTCTAGGAGACGCGGGTCTTTGAGTTAAAAGTTTATTACAACTTTCAGCAATGGATCTCTTGGCTCTCGCATCGATGAAGAACGCAGCGAAACGCGATATGTAATGTGAATTGCAGATCTACAGTGAATCATCGAATCTTTGAACGCACCTTGCGCTCCTTGGTATTCCGAGGAGCATGCCTGTTTGAGTGTCAGTAATTTCTCAACCCCTCTTGATTAGCTTCGAGGGGGAGCTTGGATAGTGGGGGTTTGCAGGAAACTTGGACTTTTAGTCTAGGATTCGAGCTCTCCTGAAATACATTGGCTTGCGGTCGACTTTCGACTTTGCGCGATAAGGCTTTCGGCGTGATAATGATCGCCGTGTGCTGAAGCGCATGACTGTGAAGTTCCGNGCCTCTAATACGTCGACGTTTCTCTCTCTAGGGAGGGGACTGTCTTCCTTAATTGACTTTTGACCTCAAATCAGGTAGGACTACCCGCTGAACTTAAGCATATCAT
F6A,santa.catalina,2,F6,594457.5,3540872.5,2181.8,F6AA,A,,,TTCCGCAGTGTACACTTGTAGAAGCCTTTGCAGCCACGCAAGTGGTAGATCTAGGCGACTTTAAACAATTCTAGGATCGCTATGCAAGTCGGCCCACGCATGTGGTGCCGGCGACACTTTCGAATTGACGGGGATACCCTAAAGCCTGTCGCACCAACTCTGTGCGGGAAACCGCTGGAGGGCCCGTGCTAACTACACGGGGTGGTAACAGACGACACGGATACCTCCACGCCTTTTTTGGTGTGGATACCATGGGCAATCCGCAGCGAAGCCTCTAAGTCCGGCCGCCGGATACGAGGAACGTTCACAGACTAAGTGGAAGTGGGTGGAGCGTTCGCCGCTCTGCTTAAGATATAGTCGGTCCCCTTGGGAAACTAAGGGGGTGAGTACACTGCTCGAAATTTAAACTCGAGCGCGTCTCGGATGGCGCTCACGTTAGAATTTCGAGACTGTCGATCGCCTCGCGGTTCGACAGCTCTGAAACGTTCCGTAGGTGAACCTGCGGAAGGATCATTACAGAAAGTAAACGCGGATCAAACCGCGAACTTCTAAACCTTTGACGATTGACTCATGTTGCCTCGGCGGGTTCTCCCGCCAGAGGATACATCAAAACTCCTGTTTTAACGGTGTTGTCTGAGCTACAAGCAACGAATCAAAACTTTCAACAACGGATCTCTTGGTTCTGGCATCGATGAAGAACGCAGCGAAATGCGATAAGTAGTGTGAATTGCAGAATTCAGTGAATCATCGAATCTTTGAACGCACATTGCGCCCCTTGGTATCCCGAGGGGCATGCCTGTTCGAGCGTCATTTCACCACTCAAGCCTGGCTTGGTGTTGGGCGACGTCCCCTTTGGGGACGCGCCTCGAAACGCTCGGCGGCGTGGCACCGGCTTTAAGCGTAGCAGAATCTTTCGCTTCAAAAGTCGGGGCCCCGTCTGCCGGAAGACCTACTC
F6A,santa.catalina,2,F6,594457.5,3540872.5,2181.8,F6AB,A,,,CTGCGGAAGGATCATTATCGTACTACAGAGGCGTGAGGGTTGTCGCTGACCTTTCTAAAAAGTCGTGCACGCCCGAGCGCTCTCAATCCATTTCACCCTTTGTGCATCACCGCGCGGGGTCGCTCCCTCTTGGCTCGCTTCGAGAGGGGGAGGCTCGCGTTTTTCACACATAAACGCCCTTATAGTTTAGAATGTCATTAGTTTGCGATCACACGCAATCAATACAACTTTCAACAACGGATCTCTTGGCTCTCGCATCGATGAAGAACGCAGCGAAATGCGATACGTAATGTGAATTGCAGAATTCAGTGAATCATCGAATCTTTGAACGCATCTTGCGCCCCTTGGTATTCCGAGGGGCACACCCGTTTGAGTGTCGTGAAATTCTCAAACCTTCTTGGTTTCTCGATCAAGATGGCTTTGGACTTTGGAGGCGTTTTGCTGGCTTTGCGAAAAGTCAGCTCCTCTTAAATACATTAGTGGGGTCCCCTTTGCCGATCCCCAGGCGTGATAAGATGTTTCTACGTCTTGGGATTTGCTCTGTTCCTTGGGAACCCGCTTCTAACCGTCTCATGGGAGACACAGTTCGAGTTTGCTCGACGCACGAACCT
F6A,santa.catalina,2,F6,594457.5,3540872.5,2181.8,F6AD,A,,,CTGCGGAAGGATCATTATCGTACTACAGAGGCGTGAGGGTTGTCGCTGACCTTTCTAAAAAGTCGTGCACGCCCGANCNCTCTCAATCCATTTCACCCTTTGTGCATCACCGCGCGGGGTCGCTCCCTCTTGGCTCGCTTCGAGAGGGGGAGGCTCGCGTTTTTCACACATAAACGCCCTTATAGTTTAGAATGTCATTAGTTTGCGATCACACGCAATCAATACAACTTTCAACAACGGATCTCTTGGCTCTCGCATCGATGAAGAACGCANCGAAATGCGATACGTAATGTGAATTGCAGAATTCAGTGAATCATCGAATCTTTGAACGCATCTTGCGCCCCTTGGTATTCCGAGGGGCACACCCGTTTGAGTGTCGTGAAATTCTCAAACCTTCTTGGTTTNTCGATCAAGATGGCTTTGGACTTTGGAGGTGTTTTGCTGGCTTTGCGAAAAGTCAGCTCCTCTTAAATACATTAGTGGGGTCCCCTTTGCCGATCCCCAGGCGTGATAAGATGTTTNTACGTCTTGGGATTTGCTCTGTTCCTTGGGAACCCGCTTCTAACCGTCTCATGGGAGACACAGTTCGAGTTTGCTCGACGCAC
F6B,santa.catalina,2,F6,594457.5,3540872.5,2181.8,F6BA,B,,,CTGCGGAAGGATCATTATCGTACGACGAGACGCGCCAGGGCTGTCGCTGACCTCTGTCATGAGGTCGTGCACGCCCGAGGCGTCCTCGCACAATCCATCCCACACACCCCCCTTTGTGCATCACCGCGTGGGCTCCTTTGGGTCGCTTAGATCCAAGCGGGGCTTGCGCTTTTTACACAAACGTGCAGTGTAGAATGTCCTAGCGATTGTACGCAATCAATACAACTTTCAACAACGGATCTCTTGGCTCTCGCATCGATGAAGAACGCAGCGAAATGCGATACGTAATGTGAATTGCAGAATTCAGTGAATCATCGAATCTTTGAACGCACCTTGCGCCCCTTGGCATTCCGAGGGGCACACCCGTTTGAGTGTCGTGAATTCCTCAACCTTCTGCTTTTCTTGATAGCAGAAGGCTTGGACTTTGGAGGTTCTTGCTGGCCCCTCTCTTCGGAGGCCAGCTCCTCTTAAATGGATTAGCAGGGTCTGCCTTTGCGCCGATCCTCGACGTGATAAGCTGTTTCTACGTCTTGGATTTGGCTCTGCCTCTCTTTTGAGACCTGCTTCCAATCGTCTCGGCCGCCCTTTCTTCACCAGATAGAGGGGGTGGACCTTTGACCCACGAACCCAT
F6B,santa.catalina,2,F6,594457.5,3540872.5,2181.8,F6BD,B,,,CTGCGGAAGGATCATTATCGTACGACGAGACGCGCCAGGGCTGTCGCTGACCTCTGTCATGAGGTCGTGCACGCCCGAGGCGTCCTCGCACAATCCATCCCACACACCCCCCTTTGTGCATCACCGCGTGGGCTCCTTTGGGTCGCTTAGATCCAAGCGGGGCTTGCGCTTTTTACACAAACGTGCAGTGTAGAATGTCCTAGCGATTGTACGCAATCAATACAACTTTCAACAACGGATCTCTTGGCTCTCGCATCGATGAAGAACGCAGCGAAATGCGATACGTAATGTGAATTGCAGAATTCAGTGAATCATCGAATCTTTGAACGCACCTTGCGCCCCTTGGCATTCCGAGGGGCACACCCGTTTGAGTGTCGTGAATTCCTCAACCTTCTGCTTTTCTTGATAGCAGAAGGCTTGGACTTTGGAGGTTCTTGCTGGCCCCTCTCTTCGGAGGCCAGCTCCTCTTAAATGGATTAGCAGGGTCTGCCTTTGCGCCGATCCTCGACGTGATAAGCTGTTTCTACGTCTTGGATTTGGCTCTGCCTCTCTTTTGAGACCTGCTTCCAATCGTCTCGGCCGCCCTTTCTTCACCAGATAGAGGGGGTGGACCTTTGACCCACGAACCCAT
F6C,santa.catalina,2,F6,594457.5,3540872.5,2181.8,F6CB,C,,,CTGCGGAAGGATCATTATCGTACGACGAGACGCGCCAGGGCTGTCGCTGACCTCTGTCATGAGGTCGTGCACGCCCGAGGCGTCCTCGCACAATCCATCCCACACACCCCCCTTTGTGCATCACCGCGTGGGCTCCTTTGGGTCGCTTAGATCCAAGCGGGGCTTGCGCTTTTTACACAAACGTGCAGTGTAGAATGTCCTAGCGATTGTACGCAATCAATACAACTTTCAACAACGGATCTCTTGGCTCTCGCATCGATGAAGAACGCAGCGAAATGCGATACGTAATGTGAATTGCAGAATTCAGTGAATCATCGAATCTTTGAACGCACCTTGCGCCCCTTGGCATTCCGAGGGGCACACCCGTTTGAGTGTCGTGAATTCCTCAACCTTCTGCTTTTCTTGATAGCAGAAGGCTTGGACTTTGGAGGTTCTTGCTGGCCCCTCTCTTCGGAGGCCAGCTCCTCTTAAATGGATTAGCAGGGTCTGCCTTTGCGCCGATCCTCGACGTGATAAGCTGTTTCTACGTCTTGGATTTGGCTCTGCCTCTCTTTTGAGACCTGCTTCCAATCGTCTCGGCCGCCCTTTCTTCACCAGATAGAGGGGGTGGACCTTTGACCCACGAACCCAT
F6C,santa.catalina,2,F6,594457.5,3540872.5,2181.8,F6CD,C,,,CTGCGGAAGGATCATTAACGAATTAGAGAGTTGATGCTGGTAGTCTGACTACATGTGCTCGCTCTCCTAATCCCACTTACACCTGTGCACTTTAACTTTGGAGGGAAGGTAAAACCTGCCTTCGAAATTCACAAACTCTTGTTTTTAAATTATGAATGTTTATCTGCCGCAAGGCAAAATTTAATACAACTTTTAACAACGGATCTCTTGGCTCTCGCATCGATGAAGAACGCAGCGAAATGCGATAAGTAATGTGAATTGCAGAATTCAGTGAATCATCGAATCTTTGAACGCACCTTGCGCTCCCTGGTATTCCGGGGAGCACGCCTGTTCGAGTGTCATGAAACTCTCAAACAAGGTAGATTTGTTTCTACCTCTGTTTGGATTTGGACTCTGCTGCGTCAATGCGGCTGGTCTTAAATATATTAGCTGATCCTAGCGAAGGTTTGGTTCTACTCAGCATGATAATTATCTGATGTTGAGGACAGTCTTAGGACTGGCCAGGCTCTCTCTATGGATTGCTTCTAATCGTCTTTGGACAATCATTCAA
F6C,santa.catalina,2,F6,594457.5,3540872.5,2181.8,F6CE,C,,,CTGCGGAAGGATCATTAATGAAATTATAATCCGGCGAGGGGAAAGGCGGAGAGTTGTAGCTGGCCTCCAGGGGCATGTGCACGCTCTCTTCCGGACCTTTTGCCGTATGGGCGCGGGGCGACCCGCGTCTTCATATACCTCTTCGTGTAGAAAGTCTTTGAATGTTTTACCATCATCGAGTCGCGACTTCTAGGAGACGCGATTCTTTGAGAAAAAAGTTATTACAACTTTCAGCAACGGATCTCTTGGCTCTCGCATCGATGAAGAACGCAGCGAATCGCGATATGTAATGTGAATTGCAGATCTACAGTGAATCATCGAATCTTTGAACGCACCTTGCGCTCCTCGGTGTTCCGAGGAGCATGCCTGTTTGAGTGTCAGTAAATTCTCAACCCCTCTCGATTTGCTTCGAGCGGGTGCTTGGATGTTGGGGGCTGCCGGAGACACTGGATTCGTCCAGGACTCGGGCTCCTCTTAAATGAATCGGCTAGCGGTCGACTTTCGACTTTGCATGACAAGGCCTTTGGCGTGATAATGATCGCCGTTCGCCGAAGTGCAAGACAGAATGGTCCCGTGCCTCTAATGCGTCGACGCCTCCAGGGGCGTCTTCCTCATTGACGTTTGACCTCAA
F7A,santa.catalina,2,F7,594457.5,3540872.5,2181.8,F7AA,A,,,CTGCGGAAGGATCATTACAGAAAGTAAACGCGGATCAAACCGCGAACTTCTAAACCTTTGACGATCGACTCATGTTGCCTCGGCGGGTGCTCCCGCCAGAGGATACATCAAAACTCATGTTTTAACGGTGTTGTCTGAGCTACAAGCAACGAATCAAAACTTTCAACAACGGATCTCTTGGTTCTGGCATCGATGAAGAACGCAGCGAAATGCGATAAGTAGTGTGAATTGCAGAATTCAGTGAATCATCGAATCTTTGAACGCACATTGCGCCCCTTGGTATCCCGAGGGGCATGCCTGTTCGAGCGTCATTTCACCACTCAAGCCTGGCTTGGTGTTGGGCGACGTCCCCTTTGGGGACGCGCTTCGAAACGCTCGGCGGCGTGGCATCGGCTTTAAGCGTAGCAGAATCTTTCGCTTTGAAAGTCGGGGCCCCGTCTGCCGGAAGACCTACTCGCAAGGT
F7B,santa.catalina,2,F7,594457.5,3540872.5,2181.8,F7BA,B,,,CGCAGTGTACACTTGTAGAAGCCTTTGCAGCCACGCAAGTGGTAGATCTCCGCGACTTTAAATAATCCTAGGATCGCTATGCAAGTCGGTCCACGCATGTGGTGCCGGCGACACTTTCGAATTGACGGGGATACCCTAAAGCCTGTCGCACCAACTCTGTGTGGGAAACCGCTGGAGGGCCCGTGCTAACTACACGGGGTGGTAACAGACGACATGGATACCTCCACGCCTTTGGTGTGGATACTATGGGCAATCCGCAGCGAAGCCCCTAAGTCCGGCCGCCGGATATGGGGAACGTTCACAGACTAAGTGGAAGTGGGTGGAGCGTTCGCCGCTCTGCTTAAGATATAGTCGGGCCCCTTAGGAAACTAAGGGGGTGAGTACACTGCTCGAAATTTAAACTTGAACGTGTCTCGGATAGCGCTCATGTTAGAATTTCGAGACTGTCGACTGCCTCGCGGTTTGACAGCTCTTAAAACGTTCCGTAGGTGAACCTGCGGAAGGATCATTACAGAAAGTAAACGCGGATCAAACCGCGAACTTCTAAACCTTTGACGATTGACTCATGTTGCCTCGGCGGGTTCTCCCGCCAGAGGATACATTAAAACTCCTGTTTTAACGGTGTTGTCTGAGCTACAAGCAACGAATCAAAACTTTCAACAACGGATCTCTTGGTTCTGGCATCGATGAAGAACGCAGCGAAATGCGATAAGTAGTGTGAATTGCAGAATTCAGTGAATCATCGAATCTTTGAACGCACATTGCGCCCCTTGGTATCCCGAGGGGCATGCCTGTTCGAGCGTCATTTCACCACTCAAGCCTGGCTTGGTGTTGGGCGACGTCCCCTTTAGGGACACGCCTCGAAACGCTCGGCGGCGTGGCACCGGCTTTAAGCGTAGCAGAATCTTTCGCTTTGAAAGTCGGGGCCCCGTCTGCCGGAAGA
F7C,santa.catalina,2,F7,594457.5,3540872.5,2181.8,F7CB,C,,,CTGCGGAAGGATCATTATCGTACTACAGAGGTGCTCAGGTTGTCGCTGACCTTTCGGTCGTGCACGCCCGAGTGCTCTCAATCCATTTCACCCTTTGTGCATCACCGCGCGGGGTCTCTTCCTCTTGGCTTGCCCCAAGAGGGGAGGTTCGCGTTTTTCATACAAACACCCTTCTAGTTTAGAATGTCATTCATTTGCGATCATACGCAATCAATACAACTTTCAACAACGGATCTCTTGGCTCTCGCATCGATGAAGAACGCAGCGAAATGCGATACGTAATGTGAATTGCAGAATTCAGTGAATCATCGAATCTTTGAACGCACCTTGCGCCCCTTGGTATTCCGAGGGGCACACCCGTTTGAGTGTCGTGAAATTCTCAAACCTTCTTGGTTTCTTGATCAAGATGGCTTTGGACTTTGGAGGCATTTGCTGGCTTTGCGAAAAGCCAGCTCCTCTTGAATGCATTAGTGGGGTCCCCTTTGCCGATCCCCAGGCGTGATAAGATGTTTCTACGTCTTGGGATTTGCTCTGTTCCTTGGGAACCCGCTTCTAACCGTCTCAGGGAAGACATCGTTCGAGCTTGCTCGACCCACGAACCT
F7C,santa.catalina,2,F7,594457.5,3540872.5,2181.8,F7CD,C,,,CTGCGGAAGGATCATTATCGTACGACGAGACGCGCCAGGGCTGTCGCTGACCTCTGTCATGAGGTCGTGCACGCCCGAGGCGTCCTCGCACAATCCATCCCACACACCCCCCTTTGTGCATCACCGCGTGGGCTCCTTTGGGTCGCTTAGATCCAAGCGGGGCTTGCGCTTTTTACACAAACGTGCAGTGTAGAATGTCCTAGCGATTGTACGCAATCAATACAACTTTCAACAACGGATCTCTTGGCTCTCGCATCGATGAAGAACGCAGCGAAATGCGATACGTAATGTGAATTGCAGAATTCAGTGAATCATCGAATCTTTGAACGCACCTTGCGCCCCTTGGCATTCCGAGGGGCACACCCGTTTGAGTGTCGTGAATTCCTCAACCTTCTGCTTTTCTTGATAGCAGAAGGCTTGGACTTTGGAGGTTCTTGCTGGCCCCTCTCTTCGGAGGCCAGCTCCTCTTAAATGGATTAGCAGGGTCTGCCTTTGCGCCGATCCTCGACGTGATAAGCTGTTTCTACGTCTTGGATTTGGCTCTGCCTCTCTTTTGAGACCTGCTTCCAATCGTCTCGGCCGCCCTTTCTTCACCAGATAGAGGGGGTGGACCTTTGACCCACGAACCCAT
F7C,santa.catalina,2,F7,594457.5,3540872.5,2181.8,F7CE,C,,,CTGCGGAAGGATCATTATCGTACTACAGAGGTGCTCAGGTTGTCGCTGACCTTTCGGTCGTGCACGCCCGAGTGCTCTCAATCCATTTCACCCTTTGTGCATCACCGCGCGGGGTCTCTTCCTCTTGGCTTGCCCCAAGAGGGGAGGTTCGCGTTTTTCATACAAACACCCTTCTAGTTTAGAATGTCATTCATTTGCGATCATACGCAATCAATACAACTTTCAACAACGGATCTCTTGGCTCTCGCATCGATGAAGAACGCAGCGAAATGCGATACGTAATGTGAATTGCAGAATTCAGTGAATCATCGAATCTTTGAACGCACCTTGCGCCCCTTGGTATTCCGAGGGGCACACCCGTTTGAGTGTCGTGAAATTCTCAAACCTTCTTGGTTTCTTGATCAAGATGGCTTTGGACTTTGGAGGCATTTGCTGGCTTTGCGAAAAGCCAGCTCCTCTTGAATGCATTAGTGGGGTCCCCTTTGCCGATCCCCAGGCGTGATAAGATGTTTCTACGTCTTGGGATTTGCTCTGTTCCTTGGGAACCCGCTTCTAACCGTCTCAGGGAAGACATCGTTCGAGCTTGCTCGACCCACGAACCTTGACCTCAA
F7C,santa.catalina,2,F7,594457.5,3540872.5,2181.8,F7CF,C,,,CTGCGGAAGGATCATTATCGAAAGCTNTGGCTTTTGCTGTGCCTTGAACCCTTTGATGTATAAAACCTTTGTTGCTTCCATCGGCCGATGCCCCAAAACTGCGGCATCGACTGATGGAGGGTATTTGAGAACTTGGCTGTTTTAAATGGTTATTAGTNTGAAAGATTTGACATGAAAATGCTCAAATAATAAAACTTTCAACAACGGATCTCTTGGCTCCTGCATCGATGAAGAACGCAGCGAAATGCGATAAGTAATGTGAATTGCAGAATTCAGTGAATCATCGAGTCTTTGAACGCACATTGCGCCCTATGGTTATTCCGTAGGGCATGCCCGTCTCAGCGTCAGAAGAAAAACCCTCAGGCAAGGCTTTGATGCCATGCCTGGATTATGTCAGAGCGGCAGCAGACCTGAGGTCATTCTGCCCTTTGTAAAACCATGGATGTATTGAAGATTTGTTTCATTCCAACGTGATAGAATATTTGATTCGTTGGTATCAATTATCTGCACATATTTCCAAAAAAAAAAGAACCCACAAAATTGTTGACATATT
F8B,santa.catalina,2,F8,594457.5,3540872.5,2181.8,F8BA,B,,,TCCGCAGTGTACACTTGTAGAAGCCTTTGCAGCCACGCAAGTGGTAGATCCCCGCGACTTTAAATAATTCTAGGATCGCTATGCAAGTCGGCCCACGCATGTGGTGCCGGCGACACTTTCGAATTGACGGGGATACCCTAAAGCCTGTCGCACCAACTCTATGTGGGAAACCGCTAGAGGGCCCGTGCTAACTACACGGGGTGGTAACAGACGACATGGATACCTCCACGCTTTTGGTGTGGATACTATGGGCAATCCGCAGCGAAGCCTCTAAGTCCGGCCGCCGGATATGAGGAACGTTCACAGACTAAGTGGAAGTGGGTGGAGCGTTCGCCGCTCTGCTTAAGATATAGTCGGGCCCCTTGGGAAACTAAGGGGGTGAGTACACTGCTCGAAATTCAAAACTTGAAGGTGTCTCGGATGGCGCCTATGTTAGAATTTCGAGACTGTCAACTGCCTCGTGGTTTGACAGCTCTTAAAACGTTCCGTAGGTGAACCTGCGGAAGGATCATTACAGAAAGTAAACGCGGATCAAACCGCGAACTTCTAAACCTTTGACGATTGACTCATGTTGCCTCGGCGGGTGCTCCCGCCAGAGGATACATCAAAACTCCTGTTTTAACGGTGTTGTCTGAGCTACAAGCAACGAATCAAAACTTTCAACAACGGATCTCTTGGTTCTGGCATCGATGAAGAACGCAGCGAAATGCGATAAGTAGTGTGAATTGCAGAATTCAGTGAATCATCGAATCTTTGAACGCACATTGCGCCCCTTGGTATCCCGAGGGGCATGCCTGTTCGAGCGTCATTTCACCACTCAAGCCTGGCTTGGTGTTGGGCGACGTCCCCTTTGGGGACGCGCCTCGAAACGCTCGGCGGCGTGGCACCGGCTTTAGGCGTAGCAGAATCTTTCGCTTTGAAAGTCGGAGCCCCGTCTGCCGGAAGACCTAC
F8B,santa.catalina,2,F8,594457.5,3540872.5,2181.8,F8BB,B,,,CTGCGGAAGGATCATTACAGAAAGTAAACGCGGATCAAACCGCGAACTTCTAAACCTTTGACGATCGACTCATGTTGCCTCGGCGGGTGCTCCCGCCAGAGGATACATCAAAACTCATGTTTTAACGGTGTTGTCTGAGCTACAAGCAACGAATCAAAACTTTCAACAACGGATCTCTTGGTTCTGGCATCGATGAAGAACGCAGCGAAATGCGATAAGTAGTGTGAATTGCAGAATTCAGTGAATCATCGAATCTTTGAACGCACATTGCGCCCCTTGGTATCCCGAGGGGCATGCCTGTTCGAGCGTCATTTCACCACTCAAGCCTGGCTTGGTGTTGGGCGACGTCCCCTTTGGGGACGCGCTTCGAAACGCTCGGCGGCGTGGCATCGGCTTTAAGCGTAGCAGAATCTTTCGCTTTGAAAGTCGGGGCCCCGTCTGCCGGAAGACCTACTCGCAAGGT
F8B,santa.catalina,2,F8,594457.5,3540872.5,2181.8,F8BC,B,,,CTGCGGAAGGATCATTAATGAGTTGTGATGGGGTTTGATGCTGGCAGCCAATTTTTGGATGCATGTGCTTGCCCTAACAATCATCTTCCAAACACCTGTGCACATTTTTGAGGGAGTTTCGAGTTTTATTGCCGTTTTTGGCGATTTTCTTGCATTCCCTTAAATTATTATACGCTGTTAACAATGATGAACGTGCTCTGTGCCGCAAGGCCATTAATATAATACAACTTTTAACAACGGATCTCTTGGCTCTCGCATCGATGAAGAACGCAGCGAAATGCGATAAGTAATGTGAATTGCAGAATTCAGTGAATCATCGAATCTTTGAACGCACCTTGCGCTCCCTGGTATTCCGGGGAGCACGCCTGTTCGAGTGTCGCGAAATTTCTCAAGCTTGGATGGCTTTTTTGTCTGTCCTTAGCCTTGGTTGTTGGGCTTTGCCGTGTCCTTTGTTGGGACGGCTGGCCTTAAAAGCATTAGCTGATCCTCGTGTGGCACTGGTTCTACTCAGCGTGATAACAGTCTGATCGCTGAGGACATCTTTTGGGATGGCCAGTTCTCATTTGGGTTGCTTCCAAACTTGGTTTTGCAGATTCTTCAATCTGTGTTCCACTTTTCAGCTT
F8B,santa.catalina,2,F8,594457.5,3540872.5,2181.8,F8BD,B,,,CTGCGGAAGGATCATTAACGAATTAGAGAGTTGATGCTGGTAGTCTGACTACATGTGCTCGCTCTCCTAATCCCACTTACACCTGTGCACTTTAACTTTGGAGGGAGGGTAAAACCTGCCTTCGAAATTCACAAACTCTTGTTTTTAAATTATGAATGTTTATCTGCCGCAAGGCAAAATTTAATACAACTTTTAACAACGGATCTCTTGGCTCTCGCATCGATGAAGAACGCAGCGAAATGCGATAAGTAATGTGAATTGCAGAATTCAGTGAATCATCGAATCTTTGAACGCACCTTGCGCTCCCTGGTATTCCGGGGAGCACGCCTGTTCGAGTGTCATGAAACTCTCAAACAANGTAGATTTGTTTCTACCTCTGTTTGGATTTGGACTCTGCTGCGTCAATGCGGCTGGTCTTAAATATATTAGCTGATCCTAGCGAAGGTTTGGTTCTACTCAGCATGATAATTATCTGATGTTGAGGACAGTCTTAGGACTGGCCAGGCTCTCTCTATGGATTGCTTCTAATCGTCTTTGGACAATCATTCAATATCTGACCTCGA
F8C,santa.catalina,2,F8,594457.5,3540872.5,2181.8,F8CA,C,,,CTGCGGAAGGATCATTATAGAGAGCTCTGGCTCCCTGTATGCTATTTACCATAATGATATTTTATTCCATGTTGCTTCCACCACCGTCATGGTGGTGGGGGGCTTTTTCATACTATTCTTTTTGCTTGGACTTTAAATTTGTCTGAATATGAGGGAAAATATTACAAAACTTTCAACAACGGATCTCTTGGCTCCTGCATCGATGAAGAACGCAGCGAAATGCGATAATTAATGTGAATTGCAGAATTCCGTGAATCATCGAGTCTTTGAACGCACATTGCGCCTCATGGTATTCCGTGAGGCATGCCCATCTCAGCGTTATTAAATATCATCAAATTTTGACCCTGTGTCAATATTTGGATCATGTCAAGGAAGCTATTTCTGTTAGTATGGATAGCTCCTTGGAAATTCATAGGTCTTAAAGTTGCTATCATTGGAACGTGATGAAAATTCCTTCGTTCAAATGTAGTTCACTTATATAGTCCCGAAACTTATATACCTTGTTGGTATTTTGTAATT
F8C,santa.catalina,2,F8,594457.5,3540872.5,2181.8,F8CC,C,,,CTGCGGAAGGATCATTATCGTACAGCTGAGGTGCTAAGGCTGTCGCTGACCCTCAAGGGTTGTGCACGCCCGAGTGCTCTCACACAATCCATCTCACCTTTGTGCATCACCGCGTGGGTCCCCTTTGCGGGAGGGCTCACGTTTTCACATAAAACTCGATACAGTGTAGAATGTTTCTTTTGCGGTCACACGCAATCAATACAACTTTCAACAACGGATCTCTTGGCTCTCGCATCGATGAAGAACGCAGCGAAATGCGATACGTAATGTGAATTGCAGAATTCAGTGAATCATCGAATCTTTGAACGCACCTTGCGCCCCTTGGCATTCCGAGGGGCACACCCGTTTGAGTGTCGTGAAATCTTCAAAACCCTTTTTTCTTTGAACCATTGCGGTCGGGAAAAGGATTTTTGGACTTGGAGGCTTAATGCTTGCCCTTTCTTTTTGAAAGCGAGCTCCTCTCAAATGAATTAGTGGGGTCCGCTTTGCTGATCCTTGACGTGATAAAATGTTTCTACGTTTTGGGTTTAGCACTGTCCCTTGGATGCCTGCTGCTAACCGTCTCATCGACAATGATGGTGCTCCGGTCACTGCCGTCTACGTCGGCAGGAGGCTGGACCCACAAAAAGAAAACCTTGACCTCAAATCGGG
F8C,santa.catalina,2,F8,594457.5,3540872.5,2181.8,F8CG,C,,,CTGCGGAAGGATCATTATCGTACGACGAGACGCGCCAGGGCTGTCGCTGACCTCTGTCATGAGGTCGTGCACGCCCGAGGCGTCCTCGCACAATCCATCCCACACACCCCCCTTTGTGCATCACCGCGTGGGCTCCTTTGGGTCGCTTAGATCCAAGCGGGGCTTGCGCTTTTTACACAAACGTGCAGTGTAGAATGTCCTAGCGATTGTACGCAATCAATACAACTTTCAACAACGGATCTCTTGGCTCTCGCATCGATGAAGAACGCAGCGAAATGCGATACGTAATGTGAATTGCAGAATTCAGTGAATCATCGAATCTTTGAACGCACCTTGCGCCCCTTGGCATTCCGAGGGGCACACCCGTTTGAGTGTCGTGAATTCCTCAACCTTCTGCTTTTCTTGATAGCAGAAGGCTTGGACTTTGGAGGTTCTTGCTGGCCCCTCTCTTCGGAGGCCAGCTCCTCTTAAATGGATTAGCAGGGTCTGCCTTTGCGCCGATCCTCGACGTGATAAGCTGTTTCTACGTCTTGGATTTGGCTCTGCCTCTCTTTTGAGACCTGCTTCCAATCGTCTCGGCCGCCCTTTCTTCACCAGATAGAGGGGGTGGACCTTTGACCCACGAACCCAT
F9A,santa.catalina,2,F9,594457.5,3540872.5,2181.8,F9AA,A,,,CGTAGGTGAACCTGCGGAAGGATCATTACAGAAAGTAAACGCGGATCAAACCGCGAACTTCTAAACCTTTGACGATCGACTCATGTTGCCTCGGCGGGTGCTCCCGCCAGAGGATACATCAAAACTCATGTTTTAACGGTGTTGTCTGAGCTACAAGCAACGAATCAAAACTTTCAACAACGGATCTCTTGGTTCTGGCATCGATGAAGAACGCAGCGAAATGCGATAAGTAGTGTGAATTGCAGAATTCAGTGAATCATCGAATCTTTGAACGCACATTGCGCCCCTTGGTATCCCGAGGGGCATGCCTGTTCGAGCGTCATTTCACCACTCAAGCCTGGCTTGGTGTTGGGCGACGTCCCCTTTGGGGACGCGCTTCGAAACGCTCGGCGGCGTGGCATCGGCTTTAAGCGTAGCAGAATCTTTCGCTTTGAAAGTCGGGGCCCCGTCTGCCGGAAGACCTACTCGCAAGGT
F9A,santa.catalina,2,F9,594457.5,3540872.5,2181.8,F9AC,A,,,CTGCGGAAGGATCATTATCGTACTACAGAGGCGTGAGGGTTGTCGCTGACCTTTCTAAAAAGTCGTGCACGCCCGAGCACTCTCAATCCATTTCACCCTTTGTGCATCACCGCGCGGGGTCGCTCCCTCTTGGCTCGCTTCGAGAGGGGGAGGCTCGCGTTTTTCACACATAAACGCCCTTATAGTTTAGAATGTCATTAGTTTGCGATCACACGCAATCAATACAACTTTCAACAACGGATCTCTTGGCTCTCGCATCGATGAAGAACGCAGCGAAATGCGATACGTAATGTGAATTGCAGAATTCAGTGAATCATCGAATCTTTGAACGCATCTTGCGCCCCTTGGTATTCCGAGGGGCACACCCGTTTGAGTGTCGTGAAATTCTCAAACCTTCTTGGTTTCTCGATCAAGATGGCTTTGGACTTTGGAGGTGTTTTGCTGGCTTTGCGAAAAGTCAGCTCCTCTTAAATACATTAGTGGGGTCCCCTTTGCCGATCCCCAGGCGTGATAAGATGTTTCTACGTCTTGGGATTTGCTCTGTTCCTTGGGAACCCGCTTCTAACCGTCTCATGGGAGACACAGTTCGAGTTTGCTCGACGCACGAACCT
F9B,santa.catalina,2,F9,594457.5,3540872.5,2181.8,F9BA,B,,,CTGCGGAAGGATCATTAACGAATTGTCGACACGAGTTGTTGCTGGTCCCCAACCGGGGGCATGTGCACGCTCTGTTTACACATCCACTCACACCTGTGCACCCTCCGTAGTTCCGTGGCCTGGGGGTCTCTGCCCTCTTGCCATGGTCCTACGTCTTTACACACACACTGTAATAAAGTCTTATGGAATGTATGTCGCGTTTAACGCAATACAATACAACTTTCAGCAACGGATCTCTTGGCTCTCGCATCGATGAAGAACGCAGCGAAATGCGATAAGTAATGTGAATTGCAGAATTCAGTGAATCATCGAATCTTTGAACGCACCTTGCGCCCTTTGGCTATTCCGAAGGGCATGCCTGTTTGAGTATCATGAACACCTCAACTCTCATGGCTTGCCATGATGAGCTTGGACTTTGGGGGTCTTGCTGGCCTACGGTCGGCTCCTCTCAAACGAATCAGCTTGCCAGTGTTTGGTGGCGTCACAGGTGTGATAACTATCTACGCTTGTGGTTCTCCACCAGGTAACCTCCAGTGATGGAGGTTCGCTGGAGCTCATAAACGTCTCTCCTCTGCGAGGACAACTTCTTGAACGTTTGATCTCAAATCAGGTAGGACTACCCGCTGAACTTAAGCATATCA
F9C,santa.catalina,2,F9,594457.5,3540872.5,2181.8,F9CA,C,,,CTGCGGAAGGATCATTATTGTAACAATGGGGGTGCAAGGGTTGTCGCTGACCTTCAAAGGTTGTGCACGCCTGAGCATCCTCACACATCCATCTCACCCCTTTGTGCATCACCGCGTGGGTCTCCTTTTCACAAAGGAGCTCACGTTTTCACACAAAACTTGATACAGTGTAGAATGTTATCTTTGCGGTCACACGCAATCAATACAACTTTCAACAACGGATCTCTTGGCTCTCGCATCGATGAAGAACGCAGCGAAATGCGATACGTAATGTGAATTGCAGAATTCAGTGAATCATCGAATCTTTGAACGCACCTTGCGCCCCTTGGCATTCCGAGGGGCACACCCGTTTGAGTGTCGTGAAACCCTCAAAGATCCTTTTTGGACTTACTGAAAAGGATTTTTGGACTTGGAGGTTTAATGCTTGCCTTTCACCTTTGAAAGTGAGCTCCTCTCAAATGAATTAGTGGGGTCTGCTTTGCTCGATCCTTGACGTGATAAGATGTTTCTACGTTTTGGATTTTGGCACTGTTCCTTGGACGCCTGCTTCTAACNGTCTCACAGACAATGGATGGCGATCCGGTCTCCACCGCCTAACGTCGGTGGGAGGCTGGACCCACGAATGAAA
F9C,santa.catalina,2,F9,594457.5,3540872.5,2181.8,F9CB,C,,,CTGCGGAAGGATCATTAATGAAATTATAATCCGGCGAGGGGAAAGGCGGAGAGTTGTAGCTGGCCTCTAGGGGCATGTGCACGCTGTCTTCCGGACCTTTCGCCGTATGGGCGCGGGGCGACCCGCGTCTTCATATACCTCTTCGTGTAGAAAGTCTTTGAATGTTATACGATCATCGAGTCGCGACTTCTAGGAGACGCGATTCTTTGAGACAAAAGTTATTACAACTTTCAGCAACGGATCTCTTGGCTCTCGCATCGATGAAGAACGCAGCGAATCGCGATATGTAATGTGAATTGCAGATCTACAGTGAATCATCGAATCTTTGAACGCACCTTGCGCTCCTCGGTGTTCCGAGGAGCATGCCTGTTTGAGTGTCAGTAAATTCTCAACCCCCCTCGATTTGCTTCGAGCGGGTGCTTGGATGTTGGAGGCTGCCGGAGACACTGGATTCGTCCAGGACTCGGGCTCCTCTTAAATGAATCGGCTGGCGGTCGACTTTCGACTTTGCATGACAAGGCCTTTGGCGTGATAATGATCGCCGTTCGCCGAAGTGCACGACAGAATGGTCCCGTGCCTCTAATGCGTCGACGCCTCTCCGGGGGCGTCTTCCTCATTGACGTTTGACCTCAAATCAGGTAGGACTACCCGCTGAACTTAAGCATATCAA
F10B,santa.catalina,2,F10,594457.5,3540872.5,2181.8,F10BA,B,,,CTGCGGAAGGATCATTATCGTACGACGAGACGCGCCAGGGCTGTCGCTGACCTCTGTCATGAGGTCGTGCACGCCCGAGGCGTCCTCGCACAATCCATCCCACACACCCCCCTTTGTGCATCACCGCGTGGGCTCCTTTGGGTCGCTTAGATCCAAGCGGGGCTTGCGCTTTTTACACAAACGTGCAGTGTAGAATGTCCTAGCGATTGTACGCAATCAATACAACTTTCAACAACGGATCTCTTGGCTCTCGCATCGATGAAGAACGCAGCGAAATGCGATACGTAATGTGAATTGCAGAATTCAGTGAATCATCGAATCTTTGAACGCACCTTGCGCCCCTTGGCATTCCGAGGGGCACACCCGTTTGAGTGTCGTGAATTCCTCAACCTTCTGCTTTTCTTGATAGCAGAAGGCTTGGACTTTGGAGGTTCTTGCTGGCCCCTCTCTTCGGAGGCCAGCTCCTCTTAAATGGATTAGCAGGGTCTGCCTTTGCGCCGATCCTCGACGTGATAAGCTGTTTCTACGTCTTGGATTTGGCTCTGCCTCTCTTTTGAGACCTGCTTCCAATCGTCTCGGCCGCCCTTTCTTCACCAGATAGAGGGGGTGGACCTTTGACCCACGAACCCAT
F10C,santa.catalina,2,F10,594457.5,3540872.5,2181.8,F10CA,C,,,CTGCGGAAGGATCATTATTGTAACAATGGGGGTGCAAGGGTTGTCGCTGACCTTCAAAGGTTGTGCACGCCTGAGCATCCTCACACATCCATCTCACCCCTTTGTGCATCACCGCGTGGGTCTCCTTTTCACAAAGGAGCTCACGTTTTCACACAAAACTTGATACAGTGTAGAATGTTATCTTTGCGGTCACACGCAATCAATACAACTTTCAACAACGGATCTCTTGGCTCTCGCATCGATGAAGAACGCAGCGAAATGCGATACGTAATGTGAATTGCAGAATTCAGTGAATCATCGAATCTTTGAACGCACCTTGCGCCCCTTGGCATTCCGAGGGGCACACCCGTTTGAGTGTCGTGAAACCCTCAAAGATCCTTTTTGGACTTACTGAAAAGGATTTTTGGACTTGGAGGTTTAATGCTTGCCTTTCACCTTTGAAAGTGAGCTCCTCTCAAATGAATTAGTGGGGTCTGCTTTGCTCGATCCTTGACGTGATAAGATGTTTCTACGTTTTGGATTTTGGCACTGTTCCTTGGACGCCTGCTTCTAACTGTCTCACAGACAATGGATGGTGATCCGGTCTCCACCGCCTAACGTCGGTGGGAGGCTGGACCCACGAATGAAAACCTTGACCTCAAATCGGGTGAGACTACCCGCTGAACTTAAGCATATC
F10C,santa.catalina,2,F10,594457.5,3540872.5,2181.8,F10CB,C,,,TGCCGAAGGATCATTATCGTACTACAGAGGTGCTCAGGTTGTCGCNGACTTTTCGGTCGTGCNCGCCCGAGTGCTCTCAATCCATTTCACCCTTTGTGCATCACCGCGCGGGGTCTCTTCCTCTTGGCTTGCCCCAAGAGGGGAGGTTCGCGTTTTTCATACAAACACCCTTCTAGTTTAGAATGTCATTCATTTGCGATCATACGCAATCAATACAACTTTCAACAACGGATCTCTTGGCTCTCNCATCGATGAAGAACGCANCGAAATGNGATACGTAATGTGAATTGCAGAATTCANTGAATCATCGAATCTTTGAACGCACCTTGCGCCCCTTGGTATTCCGAGGGGCACACCCGTTTGAGTGTCGTGAAATTCTCAAACCTTCTTGGTTTCTTGATCAAGATGGCTTTGGACTTTGGAGGCATTTGCTGGCTTTGNGAAAAGCCAGCTCCTCTTGAATGCATTAGTGGGGTCCCCTTTGCCGATCCCCAGGCGTGATAAGATGTTTCTACGTCTTGGGATTTGCTCTGTTCCTTGGGAACCTGCTTCTAACCGTCTCATGGAAGACATCGTTCGAGCTTGCTCGACCCACGAACCT
F10C,santa.catalina,2,F10,594457.5,3540872.5,2181.8,F10CC,C,,,CTGCGGAAGGATCATTATCGTACTACAGAGGTGCTCGGGTTGTCGCTGACCTTTCGGTCGTGCACGCCCGAGTGCTCTCAATCCATTTCACCCTTTGTGCATCACCGCGCGGGGTCTCTTCCTCTTGGCTTGCCCCAAGAGGGGAGGTTCGCGTTTTTCATACAAACACCCTTCTAGTTTAGAATGTCATTCATTTGCGATCATACGCAATCAATACAACTTTCAACAACGGATCTCTTGGCTCTCGCATCGATGAAGAACGCAGCGAAATGCGATACGTAATGTGAATTGCAGAATTCAGTGAATCATCGAATCTTTGAACGCACCTTGCGCCCCTTGGTATTCCGAGGGGCACACCCGTTTGAGTGTCGTGAAATTCTCAAACCTTCTTGGTTTCTTGATCAAGATGGCTTTGGACTTTGGAGGCATTTGCTGGCTTTGTGAAAAGCCAGCTCCTCTTGAATGCATTAGTGGGGTCCCCTTTGCCGATCCNCAGGCGTGATAAGATGTTTCTACGTCTTGGGATTTGCTCTGTTCCTTGGGAACCCGCTTCTAACCGTCTCATGGAAGACATCGTTCGAGCTTGCTCGACCCACGAACCT
F10C,santa.catalina,2,F10,594457.5,3540872.5,2181.8,F10CD,C,,,GATGATTCCTTCCGCAGTGTACACTTGTAGAAGCCTTTGCAGCCACGCAAGTGGTAGATCTCGGCGACTTTAAACAATTCTAGGATCGCTATGCAAGTCGGCCCACGCATGTGGTGCCGGCGACACTTTCGAATTGACGGGGATACCCTAAAGCCTGTCGCACCAACTCTGTGCGGGAAACCGCTGGAGGGCCCGTGCTAACTACACGGGGTGGTAACAGACGACACGGATACCTCCACGCCTTTTTTGGTGTGGATACCATGGGCAATCCGCAGCGAAGCCTCTAAGTCCGGCCGCCGGATACGAGGAACGTTCACAGACTAAGTGGAAGTGGGTGGAGCGTTCGCCGCTCTGCTTAAGATATAGTCGGTCCCCTTGGGAAACTAAGGGGGTGAGTACACTGCTCGAAATTTAAACTCGAGCGCGTCTCGGATGGCGCTCACGTTAGAATTTCGAGACTGTCGATCGCCTCGCGGTTCGACAGCTCTGAAACGTTCCGTAGGTGAACCTGCGGAAGGATCATTACAGAAAGTAAACGCGGATCAAACCGCGAACTTCTAAACCTTTGACGATTGACTCATGTTGCCTCGGCGGGTTCTCCCGCCAGAGGATACATCAAAACTCCTGTTTTAACGGTGTTGTCTGAGCTACAAGCAACGAATCAAAACTTTCAACAACGGATCTCTTGGTTCTGGCATCGATGAAGAACGCAGCGAAATGCGATAAGTAGTGTGAATTGCAGAATTCAGTGAATCATCGAATCTTTGAACGCACATTGCGCCCCTTGGTATCCCGAGGGGCATGCCTGTTCGAGCGTCATTTCACCACTCAAGCCTGGCTTGGTGTTGGGCGACGTCCCCTTTGGGGACGCGCCTCGAAACGCTCGGCGGCGTGGCACCGGCTTTAAGCGTAGCAGAATCTTTCGCTTCAAAAGTCGGGGCCCCGTCTGCCGGAAGACCTACTCGCAA